{"width":1011,"SubTexture":[{"width":229,"y":302,"height":376,"name":"gu1","x":233},{"width":230,"y":302,"height":376,"name":"gu2","x":1},{"width":183,"y":856,"height":132,"name":"leaves2","x":826},{"width":558,"y":1,"height":299,"name":"lose","x":1},{"width":361,"y":1,"height":361,"name":"yuanhuan","x":561},{"frameY":-229,"y":737,"frameWidth":384,"frameX":-109,"frameHeight":384,"width":86,"height":112,"name":"1","x":720},{"frameY":-199,"y":458,"frameWidth":384,"frameX":-110,"frameHeight":384,"width":143,"height":141,"name":"10","x":831},{"frameY":-51,"y":364,"frameWidth":384,"frameX":0,"frameHeight":384,"width":192,"height":285,"name":"2","x":464},{"frameY":-72,"y":680,"frameWidth":384,"frameX":-7,"frameHeight":384,"width":319,"height":267,"name":"9","x":1},{"frameY":-242,"y":856,"frameWidth":384,"frameX":-167,"frameHeight":384,"width":38,"height":97,"name":"6","x":583},{"frameY":-133,"y":651,"frameWidth":384,"frameX":-179,"frameHeight":384,"width":135,"height":203,"name":"4","x":583},{"frameY":-206,"y":601,"frameWidth":384,"frameX":-98,"frameHeight":384,"width":113,"height":134,"name":"8","x":831},{"frameY":-221,"y":458,"frameWidth":384,"frameX":-94,"frameHeight":384,"width":171,"height":126,"name":"3","x":658},{"frameY":-81,"y":680,"frameWidth":384,"frameX":0,"frameHeight":384,"width":259,"height":260,"name":"7","x":322},{"frameY":-188,"y":856,"frameWidth":384,"frameX":-97,"frameHeight":384,"width":166,"height":151,"name":"5","x":658},{"width":63,"y":601,"height":173,"name":"gu3","x":946},{"width":258,"y":364,"height":92,"name":"leaves1","x":658}],"height":1009,"name":"teb_take_lose","imagePath":"teb_take_lose_tex.png"}