{"width":1013,"SubTexture":[{"width":288,"y":1328,"height":157,"name":"bi2","x":245},{"width":216,"y":1252,"height":46,"name":"huangguan2","x":795},{"width":303,"y":989,"height":337,"name":"dun","x":490},{"frameWidth":607,"y":665,"frameHeight":338,"width":401,"frameX":0,"height":322,"name":"guang3","frameY":-16,"x":490},{"frameWidth":607,"y":1005,"frameHeight":338,"width":242,"frameX":0,"height":322,"name":"guang2","frameY":-16,"x":1},{"width":607,"y":1,"height":338,"name":"guang5","x":1},{"frameWidth":607,"y":1005,"frameHeight":338,"width":237,"frameX":0,"height":239,"name":"guang","frameY":-16,"x":245},{"frameWidth":607,"y":1,"frameHeight":338,"width":349,"frameX":-258,"height":338,"name":"guang7","frameY":0,"x":610},{"frameWidth":607,"y":341,"frameHeight":338,"width":571,"frameX":0,"height":322,"name":"guang4","frameY":-16,"x":1},{"frameWidth":607,"y":665,"frameHeight":338,"width":487,"frameX":-120,"height":338,"name":"guang6","frameY":0,"x":1},{"width":360,"y":341,"height":224,"name":"bi1","x":574},{"width":283,"y":1328,"height":143,"name":"huangguan1","x":535},{"width":79,"y":1246,"height":78,"name":"star3","x":329},{"width":82,"y":1246,"height":79,"name":"chips","x":245},{"width":136,"y":1126,"height":124,"name":"star2","x":795},{"width":130,"y":989,"height":135,"name":"star1","x":795},{"width":75,"y":1246,"height":77,"name":"huase3","x":410},{"width":53,"y":567,"height":65,"name":"huase2","x":764},{"width":51,"y":567,"height":43,"name":"huase1","x":819},{"width":94,"y":567,"height":92,"name":"gold2","x":574},{"width":92,"y":567,"height":83,"name":"gold1","x":670}],"height":1487,"name":"th_room2","imagePath":"th_room2_tex.png"}