{"width":505,"imagePath":"4cbull-wangzhe_tex.png","height":509,"name":"4cbull-wangzhe","SubTexture":[{"width":200,"y":307,"height":200,"name":"zuanshi2","x":1},{"width":300,"y":1,"height":304,"name":"niu","x":1},{"frameY":0,"y":87,"frameWidth":72,"frameX":-6,"frameHeight":60,"width":66,"height":60,"name":"yan","x":420},{"width":50,"y":236,"height":19,"name":"yachi","x":303},{"width":248,"y":307,"height":102,"name":"gold2","x":203},{"width":115,"y":1,"height":117,"name":"star1","x":303},{"width":83,"y":1,"height":84,"name":"star2","x":420},{"width":40,"y":196,"height":38,"name":"zuanshi1","x":453},{"width":48,"y":149,"height":45,"name":"gold1","x":453}]}