{"width":506,"SubTexture":[{"width":146,"y":399,"height":146,"name":"bg","x":1},{"width":72,"y":485,"height":146,"name":"men2","x":225},{"width":74,"y":399,"height":146,"name":"men1","x":149},{"width":309,"y":1,"height":297,"name":"menkuang","x":1},{"width":265,"y":300,"height":97,"name":"hua","x":1},{"width":31,"y":399,"height":63,"name":"denglong1","x":225},{"width":30,"y":358,"height":91,"name":"denglong1_0","x":453},{"width":192,"y":1,"height":189,"name":"guang","x":312},{"width":183,"y":358,"height":125,"name":"pai2","x":268},{"width":144,"y":192,"height":164,"name":"pai1","x":312},{"width":62,"y":547,"height":66,"name":"huaban1","x":1},{"width":39,"y":300,"height":42,"name":"huaban2","x":268}],"height":633,"name":"paigow","imagePath":"paigow_tex.png"}