{"width":507,"imagePath":"4cbull-chuji_tex.png","height":464,"name":"4cbull-chuji","SubTexture":[{"width":152,"y":1,"height":157,"name":"poker1","x":237},{"width":122,"y":312,"height":150,"name":"poker2","x":383},{"width":94,"y":1,"height":133,"name":"poker3","x":391},{"width":122,"y":160,"height":150,"name":"poker4","x":383},{"width":144,"y":160,"height":158,"name":"poker5","x":237},{"width":234,"y":1,"height":181,"name":"hat","x":1},{"width":50,"y":241,"height":52,"name":"star2","x":1},{"width":55,"y":184,"height":55,"name":"star1","x":1},{"width":57,"y":241,"height":43,"name":"piaodai","x":53},{"width":55,"y":320,"height":57,"name":"light","x":1}]}