{"width":1002,"imagePath":"casino-girl_tex.png","height":1020,"name":"casino-girl","SubTexture":[{"width":76,"y":613,"height":134,"name":"clothes2","x":775},{"width":69,"y":449,"height":152,"name":"clothes1","x":598},{"width":175,"y":613,"height":222,"name":"hair8","x":598},{"width":99,"y":837,"height":154,"name":"hair7","x":583},{"width":211,"y":1,"height":237,"name":"hair6","x":736},{"width":102,"y":805,"height":191,"name":"hair5","x":479},{"width":476,"y":1,"height":1017,"name":"girl","x":1},{"width":255,"y":1,"height":197,"name":"xiong","x":479},{"width":104,"y":837,"height":142,"name":"hair4","x":684},{"width":72,"y":749,"height":104,"name":"hair3","x":790},{"width":62,"y":855,"height":120,"name":"hair2","x":853},{"width":200,"y":200,"height":247,"name":"hair1","x":479},{"width":117,"y":449,"height":354,"name":"hand2","x":479},{"width":115,"y":240,"height":371,"name":"hand1","x":681},{"width":83,"y":855,"height":84,"name":"star2","x":917}]}