{"width":506,"imagePath":"home_baicai_tex.png","height":706,"name":"home_baicai","SubTexture":[{"width":81,"y":235,"height":66,"name":"chip1","x":368},{"width":343,"y":1,"height":288,"name":"wu","x":1},{"width":146,"y":101,"height":80,"name":"poker2","x":346},{"width":158,"y":1,"height":98,"name":"poker3","x":346},{"width":118,"y":183,"height":50,"name":"poker4","x":346},{"width":365,"y":291,"height":188,"name":"guang","x":1},{"width":69,"y":303,"height":50,"name":"aixin","x":368},{"width":226,"y":481,"height":223,"name":"star","x":1}]}