{"width":503,"imagePath":"fish_girl_tex.png","height":692,"name":"fish_girl","SubTexture":[{"frameHeight":55,"y":134,"frameX":-1,"width":35,"frameY":0,"height":45,"name":"shoubi02","frameWidth":36,"x":443},{"width":271,"y":1,"height":248,"name":"body","x":1},{"width":225,"y":206,"height":131,"name":"xiong","x":274},{"width":167,"y":1,"height":203,"name":"tou","x":274},{"width":35,"y":545,"height":31,"name":"hua2","x":460},{"width":86,"y":251,"height":196,"name":"toufa3","x":80},{"width":35,"y":586,"height":39,"name":"hua1","x":170},{"width":19,"y":251,"height":77,"name":"erhuan2","x":252},{"width":18,"y":134,"height":60,"name":"erhuan1","x":480},{"width":122,"y":339,"height":106,"name":"toufa2","x":379},{"width":55,"y":1,"height":131,"name":"toufa1","x":443},{"width":40,"y":578,"height":27,"name":"zui","x":460},{"width":93,"y":607,"height":25,"name":"yan2","x":1},{"width":93,"y":634,"height":25,"name":"yan1","x":1},{"width":82,"y":251,"height":189,"name":"shoubi01","x":168},{"width":121,"y":447,"height":96,"name":"shou01","x":379},{"width":69,"y":586,"height":104,"name":"shou02","x":99},{"width":125,"y":339,"height":115,"name":"gu","x":252},{"width":77,"y":251,"height":234,"name":"shoubi","x":1},{"width":124,"y":545,"height":54,"name":"shou1","x":334},{"width":122,"y":514,"height":70,"name":"shou2","x":99},{"width":96,"y":514,"height":91,"name":"shou3","x":1},{"width":109,"y":539,"height":67,"name":"shou5","x":223},{"width":109,"y":456,"height":81,"name":"shou4","x":252},{"width":170,"y":449,"height":63,"name":"shoubi2","x":80}]}