{"width":505,"SubTexture":[{"width":40,"y":442,"height":43,"name":"chips1","x":463},{"width":35,"y":372,"height":36,"name":"chips2","x":391},{"width":69,"y":442,"height":54,"name":"ear1","x":290},{"width":37,"y":372,"height":32,"name":"ear2","x":428},{"width":277,"y":1,"height":283,"name":"niu","x":1},{"frameX":-6,"frameHeight":60,"y":410,"frameY":0,"frameWidth":72,"width":66,"height":60,"name":"yan2","x":222},{"width":147,"y":286,"height":59,"name":"glasses","x":222},{"width":45,"y":442,"height":55,"name":"niujiao","x":416},{"width":46,"y":472,"height":33,"name":"nose","x":222},{"width":87,"y":347,"height":61,"name":"hair","x":222},{"width":50,"y":347,"height":19,"name":"yachi","x":311},{"width":83,"y":286,"height":84,"name":"star","x":371},{"width":78,"y":372,"height":68,"name":"poker","x":311},{"width":53,"y":442,"height":49,"name":"gold","x":361},{"width":219,"y":286,"height":209,"name":"yan","x":1}],"height":507,"name":"bull","imagePath":"bull_tex.png"}