{"width":509,"SubTexture":[{"frameX":-1,"frameHeight":65,"y":1,"frameY":0,"frameWidth":96,"width":95,"height":65,"name":"huaban5","x":412},{"width":409,"y":1,"height":244,"name":"heye","x":1},{"width":267,"y":247,"height":173,"name":"panzi","x":1},{"width":326,"y":422,"height":134,"name":"hehua","x":1},{"width":77,"y":68,"height":57,"name":"bai1","x":412},{"width":130,"y":414,"height":96,"name":"baizi1","x":329},{"width":101,"y":848,"height":88,"name":"hongzi2","x":1},{"width":233,"y":558,"height":141,"name":"touying","x":1},{"width":185,"y":558,"height":177,"name":"wan","x":236},{"width":227,"y":247,"height":165,"name":"guang","x":270},{"width":109,"y":938,"height":73,"name":"hongzi1","x":1},{"width":40,"y":512,"height":24,"name":"huaban3","x":393},{"width":62,"y":512,"height":36,"name":"huaban4","x":329},{"width":147,"y":701,"height":145,"name":"star","x":1}],"height":1013,"name":"home_sedie","imagePath":"home_sedie_tex.png"}