{"width":2048,"imagePath":"hdgirl_tex.png","height":2048,"name":"hdgirl","SubTexture":[{"width":406,"y":1016,"height":442,"name":"hdgirl/hair15","x":1},{"width":340,"y":549,"height":278,"name":"hdgirl/hair14","x":405},{"width":286,"y":1460,"height":415,"name":"hdgirl/hair13","x":670},{"width":298,"y":1460,"height":488,"name":"hdgirl/hair12","x":1},{"width":367,"y":1460,"height":364,"name":"hdgirl/hair11","x":301},{"width":276,"y":1460,"height":370,"name":"hdgirl/hair10","x":1647},{"width":179,"y":1,"height":546,"name":"hdgirl/hand2","x":405},{"width":255,"y":291,"height":249,"name":"hdgirl/hair9","x":586},{"width":199,"y":1950,"height":83,"name":"hdgirl/hair8_0","x":1},{"y":1460,"frameWidth":249,"x":1397,"frameHeight":448,"width":248,"frameY":0,"height":448,"name":"hdgirl/hand1","frameX":-1},{"width":226,"y":1,"height":288,"name":"hdgirl/hair8","x":586},{"width":80,"y":1832,"height":144,"name":"hdgirl/hair7","x":1647},{"width":437,"y":1460,"height":256,"name":"hdgirl/qunzi2","x":958},{"width":402,"y":1,"height":1013,"name":"hdgirl/shen","x":1},{"width":134,"y":829,"height":334,"name":"hdgirl/tui","x":409},{"width":101,"y":1978,"height":61,"name":"hdgirl/xianglian","x":1643},{"width":95,"y":1910,"height":107,"name":"hdgirl/erhuan","x":1394},{"width":271,"y":1826,"height":165,"name":"hdgirl/hair6","x":301},{"width":150,"y":1944,"height":64,"name":"hdgirl/hair5","x":1491},{"width":162,"y":1877,"height":106,"name":"hdgirl/hair4","x":759},{"width":183,"y":1877,"height":133,"name":"hdgirl/hair3","x":574},{"width":29,"y":1950,"height":68,"name":"hdgirl/hair2","x":266},{"width":62,"y":1950,"height":88,"name":"hdgirl/hair1","x":202},{"width":434,"y":1718,"height":224,"name":"hdgirl/qunzi1","x":958}]}