{"width":1023,"imagePath":"home_thirteen_tex.png","height":956,"name":"home_thirteen","SubTexture":[{"width":661,"y":1,"height":354,"name":"di","x":1},{"width":89,"y":579,"height":93,"name":"chip2","x":1},{"width":84,"y":674,"height":96,"name":"poker7","x":1},{"width":187,"y":357,"height":198,"name":"poker6","x":664},{"width":152,"y":357,"height":158,"name":"poker5","x":853},{"width":117,"y":653,"height":122,"name":"poker4","x":865},{"width":76,"y":765,"height":100,"name":"poker3","x":138},{"width":73,"y":862,"height":92,"name":"poker2","x":1},{"width":86,"y":674,"height":89,"name":"poker1","x":87},{"width":135,"y":777,"height":83,"name":"chip4","x":1},{"width":199,"y":557,"height":128,"name":"chip3","x":664},{"width":661,"y":357,"height":220,"name":"light2","x":1},{"width":357,"y":1,"height":354,"name":"light","x":664},{"width":155,"y":517,"height":134,"name":"chip1","x":865}]}