{"width":422,"height":504,"name":"3cgf_wangzhefang","imagePath":"3cgf_wangzhefang_tex.png","SubTexture":[{"width":141,"y":212,"height":185,"name":"wangzhefang/poker1","x":1},{"width":162,"y":205,"height":195,"name":"wangzhefang/poker2","x":235},{"width":185,"y":1,"height":202,"name":"wangzhefang/poker3","x":235},{"width":232,"y":1,"height":209,"name":"wangzhefang/jiang","x":1},{"width":110,"y":399,"height":103,"name":"wangzhefang/star2","x":1},{"width":80,"y":399,"height":80,"name":"wangzhefang/star1","x":113},{"width":53,"y":212,"height":65,"name":"wangzhefang/huase2","x":144},{"width":54,"y":279,"height":42,"name":"wangzhefang/huase1","x":144}]}