{"width":509,"imagePath":"bj_room5_tex.png","height":481,"name":"bj_room5","SubTexture":[{"width":96,"y":98,"height":98,"name":"poker4","x":404},{"width":293,"y":1,"height":322,"name":"bei","x":1},{"width":128,"y":325,"height":99,"name":"poker2","x":357},{"width":159,"y":325,"height":145,"name":"poker3","x":196},{"width":103,"y":1,"height":95,"name":"poker5","x":404},{"width":106,"y":1,"height":106,"name":"poker1","x":296},{"width":53,"y":426,"height":53,"name":"guangban","x":357},{"width":193,"y":325,"height":147,"name":"star","x":1}]}