{"imagePath":"home_sedie_tex.png","width":1016,"height":1020,"name":"home_sedie","SubTexture":[{"width":178,"y":500,"height":130,"name":"huaban1","x":764},{"width":147,"y":850,"height":100,"name":"huaban5","x":864},{"width":629,"y":1,"height":374,"name":"heye","x":1},{"width":410,"y":377,"height":265,"name":"panzi","x":1},{"width":502,"y":644,"height":206,"name":"hehua","x":1},{"width":118,"y":275,"height":88,"name":"bai1","x":632},{"width":200,"y":850,"height":148,"name":"baizi1","x":505},{"width":155,"y":850,"height":135,"name":"hongzi2","x":707},{"width":358,"y":632,"height":216,"name":"touying","x":505},{"width":285,"y":1,"height":272,"name":"wan","x":632},{"width":349,"y":377,"height":253,"name":"guang","x":413},{"width":167,"y":852,"height":112,"name":"hongzi1","x":1},{"width":62,"y":952,"height":37,"name":"huaban3","x":947},{"width":95,"y":1,"height":56,"name":"huaban4","x":919},{"width":81,"y":952,"height":66,"name":"huaban2","x":864},{"width":226,"y":275,"height":223,"name":"star","x":764}]}