{"width":484,"imagePath":"bj_room6_tex.png","height":607,"name":"bj_room6","SubTexture":[{"width":372,"y":470,"height":135,"name":"dianzi","x":1},{"width":130,"y":78,"height":80,"name":"poker2","x":327},{"width":155,"y":1,"height":75,"name":"poker1","x":327},{"width":96,"y":415,"height":68,"name":"jb2","x":375},{"width":92,"y":160,"height":75,"name":"jb1","x":327},{"width":280,"y":266,"height":202,"name":"light","x":1},{"width":324,"y":1,"height":263,"name":"huangguan","x":1},{"width":53,"y":415,"height":53,"name":"guangban","x":283},{"width":193,"y":266,"height":147,"name":"star","x":283}]}