{"SubTexture":[{"width":556,"y":1,"height":548,"name":"huangguan","x":1},{"width":660,"y":714,"height":169,"name":"choudai","x":1},{"width":721,"y":551,"height":161,"name":"lose","x":1},{"width":361,"y":1,"height":361,"name":"yuanhuan","x":559},{"frameWidth":384,"y":983,"frameHeight":384,"width":171,"frameX":-94,"height":126,"name":"3","frameY":-221,"x":500},{"frameWidth":384,"y":885,"frameHeight":384,"width":192,"frameX":0,"height":285,"name":"2","frameY":-51,"x":1},{"frameWidth":384,"y":115,"frameHeight":384,"width":38,"frameX":-167,"height":97,"name":"6","frameY":-242,"x":922},{"frameWidth":384,"y":364,"frameHeight":384,"width":259,"frameX":0,"height":260,"name":"7","frameY":-81,"x":724},{"frameWidth":384,"y":714,"frameHeight":384,"width":319,"frameX":-7,"height":267,"name":"9","frameY":-72,"x":663},{"frameWidth":384,"y":1,"frameHeight":384,"width":86,"frameX":-109,"height":112,"name":"1","frameY":-229,"x":922},{"frameWidth":384,"y":364,"frameHeight":384,"width":143,"frameX":-110,"height":141,"name":"10","frameY":-199,"x":559},{"frameWidth":384,"y":1038,"frameHeight":384,"width":113,"frameX":-98,"height":134,"name":"8","frameY":-206,"x":332},{"frameWidth":384,"y":885,"frameHeight":384,"width":166,"frameX":-97,"height":151,"name":"5","frameY":-188,"x":332},{"frameWidth":384,"y":885,"frameHeight":384,"width":135,"frameX":-179,"height":203,"name":"4","frameY":-133,"x":195}],"width":1010,"height":1174,"name":"tf_take_lose","imagePath":"tf_take_lose_tex.png"}