{"width":465,"imagePath":"bj_room4_tex.png","height":595,"name":"bj_room4","SubTexture":[{"width":367,"y":1,"height":354,"name":"baoxiang","x":1},{"width":230,"y":357,"height":236,"name":"shaoguang","x":1},{"width":93,"y":1,"height":110,"name":"xiangmen","x":370},{"width":63,"y":113,"height":52,"name":"jb1","x":370},{"width":57,"y":271,"height":45,"name":"jb2","x":370},{"width":61,"y":167,"height":47,"name":"jb3","x":370},{"width":53,"y":216,"height":53,"name":"guangban","x":370},{"width":193,"y":357,"height":147,"name":"star","x":233}]}