{"width":989,"SubTexture":[{"width":140,"y":323,"height":157,"name":"dai2","x":681},{"width":364,"y":483,"height":401,"name":"cup","x":1},{"width":97,"y":150,"height":189,"name":"dai1","x":845},{"width":307,"y":483,"height":298,"name":"chips","x":367},{"width":684,"y":886,"height":197,"name":"jb2","x":1},{"width":193,"y":1,"height":147,"name":"star","x":681},{"width":53,"y":341,"height":53,"name":"guangban","x":891},{"width":71,"y":73,"height":63,"name":"chips2","x":876},{"width":66,"y":341,"height":87,"name":"chips1","x":823},{"width":111,"y":1,"height":70,"name":"jb1","x":876},{"width":225,"y":625,"height":169,"name":"poker1","x":676},{"width":162,"y":150,"height":171,"name":"poker2","x":681},{"width":297,"y":483,"height":140,"name":"poker3","x":676},{"width":678,"y":1,"height":480,"name":"light","x":1}],"height":1085,"name":"lieng_room2","imagePath":"lieng_room2_tex.png"}