{"width":508,"SubTexture":[{"width":230,"y":1,"height":240,"name":"pai3","x":229},{"width":226,"y":1,"height":248,"name":"pai2","x":1},{"width":204,"y":243,"height":238,"name":"pai1","x":229},{"width":284,"y":668,"height":140,"name":"gold","x":1},{"width":131,"y":817,"height":111,"name":"chips","x":318},{"width":96,"y":930,"height":76,"name":"g3","x":318},{"width":181,"y":251,"height":174,"name":"g2","x":1},{"width":276,"y":483,"height":166,"name":"g1","x":1},{"width":227,"y":483,"height":183,"name":"guang4","x":279},{"width":155,"y":817,"height":135,"name":"guang3","x":161},{"width":153,"y":668,"height":147,"name":"guang2","x":287},{"width":158,"y":810,"height":139,"name":"guang1","x":1}],"height":1008,"name":"pok_room4","imagePath":"pok_room4_tex.png"}