{"width":513,"imagePath":"fresh_room_tex.png","height":1025,"name":"fresh_room","SubTexture":[{"width":169,"y":203,"height":188,"name":"poker3","x":308},{"width":305,"y":203,"height":198,"name":"poker2","x":1},{"width":372,"y":1,"height":200,"name":"poker1","x":1},{"width":74,"y":844,"height":168,"name":"poker2-shadow","x":126},{"width":175,"y":393,"height":166,"name":"poker1-shadow","x":308},{"width":157,"y":403,"height":177,"name":"chip","x":1},{"width":108,"y":939,"height":82,"name":"10","x":280},{"width":143,"y":561,"height":160,"name":"5","x":305},{"width":136,"y":1,"height":129,"name":"8","x":375},{"width":133,"y":720,"height":122,"name":"3","x":145},{"width":125,"y":729,"height":107,"name":"9","x":1},{"width":143,"y":403,"height":161,"name":"6","x":160},{"width":143,"y":566,"height":152,"name":"7","x":160},{"width":117,"y":844,"height":93,"name":"1","x":202},{"width":123,"y":838,"height":104,"name":"2","x":1},{"width":142,"y":582,"height":145,"name":"4","x":1},{"width":83,"y":939,"height":84,"name":"star2","x":390}]}