{"width":501,"imagePath":"casino-xinshoufang_tex.png","height":511,"name":"casino-xinshoufang","SubTexture":[{"width":151,"y":163,"height":157,"name":"poker1","x":1},{"width":143,"y":322,"height":157,"name":"poker2","x":1},{"width":118,"y":322,"height":147,"name":"poker3","x":282},{"width":113,"y":1,"height":146,"name":"poker4","x":154},{"width":134,"y":322,"height":155,"name":"poker5","x":146},{"width":97,"y":1,"height":102,"name":"chips1","x":402},{"width":151,"y":1,"height":160,"name":"chips2","x":1},{"width":57,"y":1,"height":43,"name":"daizi1","x":342},{"width":71,"y":1,"height":81,"name":"daizi2","x":269},{"width":55,"y":471,"height":38,"name":"daizi3","x":282}]}