{"width":1019,"SubTexture":[{"width":381,"y":309,"height":363,"name":"guang","x":402},{"width":99,"y":304,"height":55,"name":"chip2","x":918},{"width":122,"y":226,"height":98,"name":"chip1","x":785},{"width":740,"y":1,"height":306,"name":"chips","x":1},{"width":399,"y":309,"height":405,"name":"guo","x":1},{"width":131,"y":326,"height":85,"name":"chip3","x":785},{"width":226,"y":1,"height":223,"name":"star","x":743},{"width":104,"y":226,"height":76,"name":"chip4","x":909}],"height":716,"name":"home_horoscope","imagePath":"home_horoscope_tex.png"}