{"width":1021,"imagePath":"horoscope_girl_tex.png","height":753,"name":"horoscope_girl","SubTexture":[{"width":239,"y":1,"height":309,"name":"hand4","x":725},{"width":470,"y":1,"height":397,"name":"body","x":1},{"width":141,"y":586,"height":112,"name":"star","x":149},{"width":53,"y":1,"height":128,"name":"hair1","x":966},{"width":20,"y":131,"height":47,"name":"erhuan","x":966},{"width":146,"y":495,"height":206,"name":"hair4","x":1},{"width":243,"y":390,"height":270,"name":"head","x":473},{"width":60,"y":364,"height":48,"name":"mouse2","x":937},{"width":79,"y":312,"height":50,"name":"mouse3","x":937},{"width":58,"y":400,"height":41,"name":"mouse1","x":394},{"width":124,"y":693,"height":58,"name":"eyes1-1","x":655},{"width":124,"y":629,"height":62,"name":"eyes2-1","x":718},{"width":124,"y":662,"height":62,"name":"eyes2-3","x":403},{"width":124,"y":629,"height":62,"name":"eyes2-2","x":844},{"width":124,"y":693,"height":58,"name":"eyes1-3","x":781},{"width":124,"y":662,"height":58,"name":"eyes1-2","x":529},{"width":243,"y":495,"height":89,"name":"hair2","x":149},{"width":391,"y":400,"height":93,"name":"hand3","x":1},{"width":210,"y":312,"height":315,"name":"hand2","x":725},{"width":109,"y":586,"height":133,"name":"poker","x":292},{"width":250,"y":1,"height":387,"name":"hand1","x":473}]}