{"width":285,"imagePath":"4cbull-gaoji_tex.png","height":512,"name":"4cbull-gaoji","SubTexture":[{"width":58,"y":307,"height":53,"name":"gold2","x":164},{"width":58,"y":307,"height":97,"name":"hand2","x":104},{"width":249,"y":1,"height":304,"name":"bull","x":1},{"width":93,"y":307,"height":88,"name":"hand1","x":1},{"width":59,"y":362,"height":39,"name":"gold5","x":164},{"width":101,"y":397,"height":74,"name":"gold3","x":1},{"width":59,"y":307,"height":32,"name":"gold6","x":224},{"width":61,"y":473,"height":37,"name":"gold7","x":1},{"width":46,"y":403,"height":41,"name":"gold1","x":181},{"width":75,"y":406,"height":75,"name":"star","x":104},{"width":57,"y":341,"height":29,"name":"gold4","x":225}]}