{"width":512,"imagePath":"beginnr_room_tex.png","height":549,"name":"beginnr_room","SubTexture":[{"width":160,"y":369,"height":178,"name":"poker3","x":291},{"width":70,"y":1,"height":159,"name":"poker2-shadow","x":355},{"width":288,"y":192,"height":187,"name":"poker2","x":1},{"width":165,"y":381,"height":157,"name":"poker1-shadow","x":1},{"width":352,"y":1,"height":189,"name":"poker1","x":1},{"width":102,"y":381,"height":100,"name":"star1","x":168},{"width":209,"y":192,"height":175,"name":"hat","x":291},{"width":62,"y":43,"height":31,"name":"3","x":427},{"width":65,"y":162,"height":23,"name":"4","x":355},{"width":51,"y":1,"height":40,"name":"2","x":427},{"width":22,"y":162,"height":26,"name":"1","x":484},{"width":30,"y":31,"height":10,"name":"6","x":480},{"width":60,"y":162,"height":10,"name":"5","x":422},{"width":28,"y":1,"height":28,"name":"light","x":480}]}