{"width":501,"imagePath":"dragontiger_tex.png","height":679,"name":"dragontiger","SubTexture":[{"width":381,"y":1,"height":302,"name":"guang","x":1},{"width":228,"y":305,"height":190,"name":"tiger","x":238},{"width":235,"y":305,"height":229,"name":"dragon","x":1},{"width":83,"y":1,"height":243,"name":"shandian","x":384},{"width":59,"y":568,"height":109,"name":"light5","x":353},{"width":44,"y":497,"height":70,"name":"light4","x":455},{"width":32,"y":246,"height":50,"name":"light3","x":384},{"width":113,"y":497,"height":130,"name":"light2","x":238},{"frameY":0,"y":497,"frameWidth":102,"frameX":0,"frameHeight":69,"width":100,"height":69,"name":"light1","x":353},{"width":28,"y":246,"height":28,"name":"dian1","x":418},{"width":25,"y":276,"height":25,"name":"dian2","x":418}]}