{"width":1025,"SubTexture":[{"width":229,"y":604,"height":376,"name":"gu1","x":1},{"width":230,"y":241,"height":376,"name":"gu2","x":364},{"width":183,"y":772,"height":132,"name":"leaves2","x":563},{"width":888,"y":1,"height":238,"name":"lose","x":1},{"width":361,"y":241,"height":361,"name":"yuanhuan","x":1},{"frameY":-133,"y":619,"frameWidth":384,"frameX":-179,"frameHeight":384,"width":135,"height":203,"name":"4","x":426},{"frameY":-51,"y":619,"frameWidth":384,"frameX":0,"frameHeight":384,"width":192,"height":285,"name":"2","x":232},{"frameY":-242,"y":137,"frameWidth":384,"frameX":-167,"frameHeight":384,"width":38,"height":97,"name":"6","x":982},{"frameY":-81,"y":510,"frameWidth":384,"frameX":0,"frameHeight":384,"width":259,"height":260,"name":"7","x":596},{"frameY":-72,"y":241,"frameWidth":384,"frameX":-7,"frameHeight":384,"width":319,"height":267,"name":"9","x":596},{"frameY":-229,"y":312,"frameWidth":384,"frameX":-109,"frameHeight":384,"width":86,"height":112,"name":"1","x":917},{"frameY":-199,"y":906,"frameWidth":384,"frameX":-110,"frameHeight":384,"width":143,"height":141,"name":"10","x":232},{"frameY":-188,"y":510,"frameWidth":384,"frameX":-97,"frameHeight":384,"width":166,"height":151,"name":"5","x":857},{"frameY":-206,"y":1,"frameWidth":384,"frameX":-98,"frameHeight":384,"width":113,"height":134,"name":"8","x":891},{"frameY":-221,"y":866,"frameWidth":384,"frameX":-94,"frameHeight":384,"width":171,"height":126,"name":"3","x":748},{"width":63,"y":137,"height":173,"name":"gu3","x":917},{"width":258,"y":772,"height":92,"name":"leaves1","x":748}],"height":1049,"name":"teb_take_lose","imagePath":"teb_take_lose_tex.png"}