{"SubTexture":[{"width":608,"y":1087,"height":515,"name":"bg","x":1},{"width":580,"y":505,"height":580,"name":"light-flower","x":1},{"width":883,"y":1,"height":502,"name":"light1","x":1},{"width":160,"y":1753,"height":134,"name":"jb6","x":567},{"width":146,"y":1884,"height":90,"name":"jb5","x":874},{"width":125,"y":1755,"height":127,"name":"jb4","x":874},{"width":153,"y":1604,"height":149,"name":"jb3","x":762},{"width":113,"y":1888,"height":102,"name":"jb2","x":729},{"width":143,"y":1755,"height":131,"name":"jb1","x":729},{"width":564,"y":1604,"height":214,"name":"win","x":1},{"width":193,"y":1604,"height":147,"name":"star","x":567}],"width":1022,"height":1992,"name":"thirteen-win","imagePath":"thirteen-win_tex.png"}