{"width":483,"imagePath":"3cgf_zhizunfang_tex.png","height":499,"name":"3cgf_zhizunfang","SubTexture":[{"width":77,"y":387,"height":95,"name":"zhizunfang/mai2","x":269},{"width":154,"y":202,"height":191,"name":"zhizunfang/poker1","x":1},{"width":139,"y":202,"height":183,"name":"zhizunfang/poker2","x":342},{"width":175,"y":1,"height":199,"name":"zhizunfang/poker3","x":1},{"width":64,"y":387,"height":102,"name":"zhizunfang/mai1","x":348},{"width":183,"y":202,"height":159,"name":"zhizunfang/huangguan","x":157},{"width":102,"y":395,"height":102,"name":"zhizunfang/light","x":1},{"width":40,"y":395,"height":38,"name":"zhizunfang/zuanshi","x":105},{"width":110,"y":363,"height":103,"name":"zhizunfang/star","x":157}]}