{"width":511,"SubTexture":[{"width":120,"y":186,"height":126,"name":"pai1","x":364},{"width":121,"y":499,"height":120,"name":"pai2","x":316},{"width":178,"y":169,"height":190,"name":"huase4","x":1},{"width":108,"y":503,"height":107,"name":"huase3","x":156},{"width":95,"y":510,"height":103,"name":"huase2","x":1},{"width":70,"y":499,"height":82,"name":"huase1","x":439},{"width":96,"y":612,"height":76,"name":"g3","x":98},{"width":181,"y":186,"height":174,"name":"g2","x":181},{"width":276,"y":1,"height":166,"name":"g1","x":1},{"width":227,"y":1,"height":183,"name":"guang4","x":279},{"width":155,"y":362,"height":135,"name":"guang3","x":316},{"width":153,"y":361,"height":147,"name":"guang2","x":1},{"width":158,"y":362,"height":139,"name":"guang1","x":156}],"height":690,"name":"pok_room2","imagePath":"pok_room2_tex.png"}