{"width":489,"height":464,"name":"3cgf_xinshoufang","imagePath":"3cgf_xinshoufang_tex.png","SubTexture":[{"width":189,"y":1,"height":200,"name":"xinshoufang/poker1","x":1},{"width":178,"y":203,"height":199,"name":"xinshoufang/poker2","x":1},{"width":142,"y":203,"height":184,"name":"xinshoufang/poker3","x":181},{"width":150,"y":203,"height":156,"name":"xinshoufang/chips","x":325},{"width":103,"y":361,"height":101,"name":"xinshoufang/light","x":325},{"width":57,"y":361,"height":43,"name":"xinshoufang/daizi","x":430}]}