{"width":510,"SubTexture":[{"width":165,"y":354,"height":218,"name":"pai3","x":173},{"width":170,"y":264,"height":224,"name":"pai2","x":1},{"width":229,"y":1,"height":261,"name":"pai1","x":1},{"width":121,"y":750,"height":153,"name":"hause","x":1},{"width":174,"y":905,"height":99,"name":"gold","x":1},{"width":96,"y":490,"height":76,"name":"g3","x":1},{"width":181,"y":574,"height":174,"name":"g2","x":1},{"width":276,"y":1,"height":166,"name":"g1","x":232},{"width":227,"y":169,"height":183,"name":"guang4","x":232},{"width":155,"y":644,"height":135,"name":"guang3","x":184},{"width":153,"y":354,"height":147,"name":"guang2","x":340},{"width":158,"y":503,"height":139,"name":"guang1","x":340}],"height":1006,"name":"pok_room3","imagePath":"pok_room3_tex.png"}