{"width":2048,"imagePath":"god_tex.png","height":2049,"name":"god","SubTexture":[{"width":1309,"y":1,"height":1192,"name":"yun2","x":1},{"width":194,"y":1736,"height":149,"name":"mao2","x":1203},{"width":221,"y":1907,"height":101,"name":"mao1","x":1},{"width":290,"y":1736,"height":222,"name":"hand","x":724},{"width":191,"y":1827,"height":180,"name":"gold13","x":1773},{"width":201,"y":1622,"height":203,"name":"star","x":1773},{"width":145,"y":1901,"height":107,"name":"gold12","x":1016},{"width":354,"y":1663,"height":242,"name":"jb","x":1},{"width":124,"y":1907,"height":109,"name":"gold11","x":224},{"width":248,"y":1847,"height":200,"name":"yuanbao2","x":357},{"width":436,"y":1195,"height":425,"name":"box","x":1412},{"width":202,"y":1887,"height":128,"name":"yuanbao1","x":1203},{"width":919,"y":1195,"height":466,"name":"yun1","x":1},{"width":154,"y":1960,"height":83,"name":"gold10","x":607},{"width":115,"y":1960,"height":74,"name":"gold9","x":763},{"width":89,"y":95,"height":121,"name":"gold6","x":1850},{"width":84,"y":95,"height":106,"name":"gold5","x":1941},{"width":90,"y":1847,"height":106,"name":"gold2","x":607},{"width":126,"y":1,"height":92,"name":"gold1","x":1850},{"width":84,"y":1663,"height":56,"name":"body2","x":822},{"width":185,"y":1736,"height":163,"name":"leg","x":1016},{"width":488,"y":1195,"height":539,"name":"body","x":922},{"width":359,"y":1622,"height":397,"name":"head","x":1412},{"width":365,"y":1663,"height":182,"name":"cloud","x":357},{"width":103,"y":1960,"height":80,"name":"gold8","x":880},{"width":74,"y":1827,"height":78,"name":"gold7","x":1966},{"width":68,"y":1,"height":82,"name":"gold4","x":1978},{"width":96,"y":1663,"height":60,"name":"gold3","x":724}]}