{"SubTexture":[{"width":208,"y":1,"height":216,"name":"poker3","x":208},{"width":205,"y":1,"height":224,"name":"poker2","x":1},{"width":189,"y":219,"height":212,"name":"poker1","x":320},{"y":359,"frameX":-1,"frameHeight":200,"frameY":-1,"width":181,"frameWidth":182,"height":199,"name":"chip","x":1},{"y":560,"frameX":-1,"frameHeight":94,"frameY":0,"width":108,"frameWidth":109,"height":94,"name":"jb3","x":1},{"width":317,"y":227,"height":130,"name":"light","x":1},{"width":86,"y":1,"height":86,"name":"xing","x":418},{"width":147,"y":433,"height":145,"name":"star","x":184},{"width":55,"y":359,"height":47,"name":"jb4","x":184}],"width":511,"imagePath":"home_lieng_tex.png","height":656,"name":"home_lieng"}