{"width":1003,"SubTexture":[{"width":527,"y":1,"height":442,"name":"wu","x":1},{"width":280,"y":1,"height":188,"name":"poker1","x":530},{"width":225,"y":343,"height":124,"name":"poker2","x":758},{"width":243,"y":191,"height":150,"name":"poker3","x":758},{"width":181,"y":416,"height":76,"name":"poker4","x":564},{"width":561,"y":445,"height":290,"name":"guang","x":1},{"width":125,"y":494,"height":100,"name":"chip1","x":564},{"width":187,"y":1,"height":136,"name":"chip3","x":812},{"width":107,"y":469,"height":76,"name":"aixin","x":747},{"width":226,"y":191,"height":223,"name":"star","x":530}],"height":737,"name":"home_baicai","imagePath":"home_baicai_tex.png"}