{"width":512,"SubTexture":[{"width":69,"y":411,"height":32,"name":"gaojifang/yezi","x":271},{"width":186,"y":214,"height":200,"name":"gaojifang/poker1","x":1},{"width":164,"y":214,"height":195,"name":"gaojifang/poker2","x":189},{"width":127,"y":214,"height":176,"name":"gaojifang/poker3","x":355},{"width":198,"y":1,"height":211,"name":"gaojifang/hua","x":1},{"width":102,"y":1,"height":102,"name":"gaojifang/light","x":201},{"width":80,"y":411,"height":80,"name":"gaojifang/star1","x":189},{"width":108,"y":392,"height":99,"name":"gaojifang/star2","x":355}],"imagePath":"3cgf_gaojifang_tex.png","height":512,"name":"3cgf_gaojifang"}