{"width":505,"imagePath":"fan_tan_girl_tex.png","height":920,"name":"fan_tan_girl","SubTexture":[{"width":114,"y":804,"height":114,"name":"wan","x":1},{"width":234,"y":386,"height":131,"name":"qunzi","x":269},{"width":156,"y":519,"height":191,"name":"hand1","x":159},{"width":266,"y":242,"height":230,"name":"hand1-2","x":1},{"width":156,"y":474,"height":191,"name":"hand2","x":1},{"width":40,"y":190,"height":50,"name":"shouhuan1","x":432},{"width":187,"y":1,"height":187,"name":"bolizhao","x":260},{"width":257,"y":1,"height":239,"name":"hand2-2","x":1},{"width":33,"y":474,"height":42,"name":"shouhuan2","x":209},{"width":161,"y":190,"height":194,"name":"body","x":269},{"width":128,"y":667,"height":135,"name":"xianglian","x":1},{"width":100,"y":687,"height":165,"name":"hair3","x":317},{"width":103,"y":712,"height":133,"name":"head","x":131},{"width":12,"y":804,"height":51,"name":"hair2","x":117},{"width":157,"y":519,"height":166,"name":"hair1","x":317},{"width":48,"y":474,"height":42,"name":"hua","x":159}]}