{"width":1007,"imagePath":"dtgirl1_tex.png","height":1932,"name":"dtgirl1","SubTexture":[{"width":135,"y":1618,"height":153,"name":"hudiejie2","x":381},{"width":231,"y":1370,"height":197,"name":"hudiejie1","x":234},{"width":235,"y":1062,"height":311,"name":"piaodai2","x":760},{"width":243,"y":1062,"height":366,"name":"piaodai1","x":515},{"width":109,"y":1843,"height":87,"name":"erduo2","x":1},{"width":106,"y":1750,"height":99,"name":"erduo1","x":124},{"width":121,"y":1611,"height":230,"name":"hair4","x":1},{"width":576,"y":1,"height":1059,"name":"girl","x":1},{"width":512,"y":1062,"height":306,"name":"qunzi","x":1},{"width":145,"y":1569,"height":228,"name":"hair3","x":234},{"width":105,"y":1611,"height":137,"name":"hair2","x":124},{"width":228,"y":1430,"height":186,"name":"hair1","x":467},{"width":245,"y":1375,"height":254,"name":"hand2","x":760},{"width":231,"y":1370,"height":239,"name":"hand1","x":1}]}