{"width":491,"SubTexture":[{"width":360,"y":277,"height":142,"name":"di","x":1},{"width":194,"y":421,"height":241,"name":"poker1","x":1},{"width":220,"y":1,"height":252,"name":"poker2","x":1},{"width":199,"y":664,"height":197,"name":"21","x":1},{"width":115,"y":277,"height":140,"name":"jiu","x":363},{"width":71,"y":651,"height":46,"name":"gold1","x":202},{"width":65,"y":1,"height":57,"name":"gold2","x":419},{"width":70,"y":129,"height":50,"name":"gold3","x":419},{"width":70,"y":181,"height":49,"name":"gold4","x":419},{"width":55,"y":60,"height":67,"name":"gold5","x":419},{"width":173,"y":421,"height":132,"name":"guang5","x":197},{"width":194,"y":1,"height":274,"name":"guang4","x":223},{"width":124,"y":555,"height":94,"name":"guang3","x":197},{"width":116,"y":863,"height":114,"name":"guang2","x":1},{"width":116,"y":863,"height":114,"name":"guang1","x":119}],"height":979,"name":"home_black_jack","imagePath":"home_black_jack_tex.png"}