{"width":1023,"SubTexture":[{"width":348,"y":358,"height":352,"name":"wan","x":586},{"width":82,"y":226,"height":61,"name":"jb6","x":848},{"width":241,"y":712,"height":200,"name":"dui","x":586},{"width":583,"y":630,"height":216,"name":"dui2","x":1},{"width":528,"y":358,"height":270,"name":"dui3","x":1},{"width":63,"y":289,"height":64,"name":"zi1","x":848},{"width":256,"y":1,"height":223,"name":"jb1","x":601},{"width":133,"y":226,"height":80,"name":"jb2","x":601},{"width":192,"y":712,"height":192,"name":"jb3","x":829},{"width":110,"y":226,"height":71,"name":"jb5","x":736},{"width":179,"y":906,"height":149,"name":"jb4","x":829},{"width":598,"y":1,"height":355,"name":"guang","x":1}],"height":1057,"name":"home_fan_tan","imagePath":"home_fan_tan_tex.png"}