{"width":510,"SubTexture":[{"width":128,"y":202,"height":208,"name":"zuobi1","x":270},{"width":267,"y":1,"height":251,"name":"body","x":1},{"width":47,"y":1,"height":149,"name":"fa1","x":442},{"width":16,"y":53,"height":50,"name":"erhuan1","x":491},{"width":170,"y":1,"height":199,"name":"tou","x":270},{"width":17,"y":1,"height":50,"name":"erhuan2","x":491},{"width":73,"y":478,"height":69,"name":"hua","x":142},{"width":42,"y":424,"height":21,"name":"zui2","x":90},{"width":42,"y":447,"height":21,"name":"zui","x":90},{"width":95,"y":372,"height":33,"name":"yan2","x":136},{"width":87,"y":424,"height":31,"name":"yan1","x":1},{"width":90,"y":478,"height":19,"name":"meimao","x":217},{"width":133,"y":254,"height":168,"name":"fa2","x":1},{"width":105,"y":202,"height":230,"name":"youbi1","x":400},{"width":28,"y":372,"height":27,"name":"star","x":233},{"width":165,"y":499,"height":19,"name":"body2","x":217},{"width":190,"y":412,"height":64,"name":"zuobi2","x":136},{"width":139,"y":478,"height":74,"name":"zuoshou2","x":1},{"width":127,"y":254,"height":59,"name":"zuoshou1","x":136},{"width":124,"y":315,"height":55,"name":"youshou","x":136},{"width":172,"y":434,"height":63,"name":"youbi2","x":328}],"height":554,"name":"bj_girl","imagePath":"bj_girl_tex.png"}