{"width":511,"imagePath":"teb_room6_tex.png","height":504,"name":"teb_room6","SubTexture":[{"width":177,"y":241,"height":184,"name":"mj02","x":191},{"width":188,"y":241,"height":184,"name":"gu","x":1},{"width":133,"y":1,"height":139,"name":"yuanbao","x":363},{"width":73,"y":413,"height":76,"name":"yuanbao2","x":436},{"width":92,"y":247,"height":89,"name":"yuanbao3","x":370},{"width":135,"y":1,"height":138,"name":"light","x":226},{"width":76,"y":427,"height":63,"name":"gu3","x":1},{"width":64,"y":413,"height":89,"name":"gu2","x":370},{"width":223,"y":1,"height":238,"name":"mj0","x":1},{"width":135,"y":142,"height":103,"name":"leaves1","x":370},{"width":97,"y":338,"height":73,"name":"leaves2","x":370},{"width":98,"y":141,"height":86,"name":"jb","x":226}]}