{"width":1017,"imagePath":"pg_girl_tex.png","height":1022,"name":"pg_girl","SubTexture":[{"width":401,"y":1,"height":293,"name":"hair4","x":1},{"width":199,"y":296,"height":493,"name":"leg2","x":165},{"width":162,"y":296,"height":648,"name":"leg1","x":1},{"width":62,"y":1,"height":190,"name":"lingdang","x":953},{"width":300,"y":332,"height":264,"name":"qunzi1","x":696},{"width":187,"y":598,"height":290,"name":"hand2","x":560},{"width":192,"y":399,"height":345,"name":"hair3","x":366},{"width":81,"y":399,"height":190,"name":"hair1","x":560},{"width":255,"y":1,"height":329,"name":"body1","x":696},{"width":290,"y":1,"height":396,"name":"hand1","x":404},{"width":192,"y":791,"height":125,"name":"xiongqi","x":165},{"width":182,"y":890,"height":130,"name":"yaodai","x":552},{"width":184,"y":746,"height":181,"name":"hair2","x":366}]}