{"width":503,"imagePath":"intermediate_room_tex.png","height":538,"name":"intermediate_room","SubTexture":[{"width":183,"y":182,"height":159,"name":"king","x":276},{"width":151,"y":1,"height":169,"name":"poker3","x":337},{"width":66,"y":343,"height":151,"name":"poker2-shadow","x":435},{"width":273,"y":182,"height":177,"name":"poker2","x":1},{"width":157,"y":343,"height":149,"name":"poker1-shadow","x":276},{"width":334,"y":1,"height":179,"name":"poker1","x":1},{"width":98,"y":361,"height":89,"name":"jb1","x":114},{"width":111,"y":361,"height":101,"name":"light1","x":1},{"width":83,"y":452,"height":84,"name":"star2","x":114}]}