{"width":471,"imagePath":"home_pokdeng_tex.png","height":497,"name":"home_pokdeng","SubTexture":[{"width":108,"y":267,"height":84,"name":"poker7","x":323},{"width":231,"y":263,"height":192,"name":"heitao","x":1},{"width":132,"y":95,"height":82,"name":"poker1","x":337},{"width":126,"y":135,"height":110,"name":"poker2","x":209},{"width":149,"y":1,"height":92,"name":"poker3","x":318},{"width":125,"y":179,"height":86,"name":"poker4","x":337},{"width":122,"y":356,"height":75,"name":"poker5","x":234},{"width":118,"y":433,"height":62,"name":"poker6","x":234},{"width":206,"y":1,"height":260,"name":"guang","x":1},{"width":107,"y":1,"height":132,"name":"poker8","x":209},{"width":87,"y":247,"height":107,"name":"poker9","x":234}]}