{"SubTexture":[{"width":556,"y":1,"height":548,"name":"sanjiaoxing","x":1},{"width":660,"y":1091,"height":169,"name":"choudai","x":1},{"width":549,"y":551,"height":275,"name":"light","x":1},{"width":361,"y":368,"height":361,"name":"yuanhuan","x":559},{"width":365,"y":1,"height":365,"name":"light2","x":559},{"width":563,"y":828,"height":261,"name":"win","x":1},{"width":197,"y":731,"height":139,"name":"jb1","x":566}],"width":926,"height":1262,"name":"tf_take_all","imagePath":"tf_take_all_tex.png"}