{"width":280,"SubTexture":[{"width":48,"y":447,"height":45,"name":"chips2","x":230},{"width":55,"y":447,"height":49,"name":"chips3","x":173},{"width":75,"y":397,"height":75,"name":"star","x":61},{"width":61,"y":384,"height":61,"name":"star2","x":138},{"width":75,"y":307,"height":75,"name":"star1","x":96},{"width":58,"y":397,"height":97,"name":"hand2","x":1},{"width":249,"y":1,"height":304,"name":"bull","x":1},{"width":93,"y":307,"height":88,"name":"hand1","x":1},{"width":45,"y":474,"height":36,"name":"chips1","x":61}],"height":512,"name":"4cbull","imagePath":"4cbull_tex.png"}