{"width":511,"imagePath":"pg_room6_tex.png","height":738,"name":"pg_room6","SubTexture":[{"width":146,"y":530,"height":146,"name":"bg","x":1},{"width":72,"y":590,"height":146,"name":"men2","x":149},{"width":74,"y":214,"height":146,"name":"men1","x":374},{"width":364,"y":1,"height":297,"name":"menkuang","x":1},{"width":95,"y":362,"height":112,"name":"denglong1","x":374},{"width":192,"y":300,"height":189,"name":"guang","x":180},{"width":127,"y":1,"height":211,"name":"pai2","x":367},{"width":177,"y":300,"height":228,"name":"pai1","x":1},{"width":265,"y":491,"height":97,"name":"guang_0","x":180},{"width":59,"y":214,"height":70,"name":"denglong2","x":450}]}