{"width":483,"height":472,"name":"3cgf_chujifang","imagePath":"3cgf_chujifang_tex.png","SubTexture":[{"width":48,"y":383,"height":43,"name":"chujifang/jb2","x":251},{"width":166,"y":1,"height":195,"name":"chujifang/poker1","x":1},{"width":139,"y":198,"height":183,"name":"chujifang/poker2","x":167},{"width":164,"y":198,"height":196,"name":"chujifang/poker3","x":1},{"width":73,"y":330,"height":44,"name":"chujifang/yezi","x":408},{"width":82,"y":383,"height":87,"name":"chujifang/hua2","x":167},{"width":123,"y":198,"height":130,"name":"chujifang/hua1","x":308},{"width":98,"y":330,"height":89,"name":"chujifang/jb","x":308}]}