{"width":1022,"SubTexture":[{"width":276,"y":774,"height":164,"name":"bi2","x":591},{"width":141,"y":1010,"height":155,"name":"daizi4","x":827},{"width":394,"y":1,"height":409,"name":"jiangbei","x":591},{"width":98,"y":1040,"height":209,"name":"daizi3","x":1},{"width":55,"y":412,"height":129,"name":"daizi2","x":952},{"width":101,"y":774,"height":234,"name":"daizi1","x":869},{"width":234,"y":940,"height":190,"name":"bi1","x":591},{"width":106,"y":1040,"height":81,"name":"chip2","x":239},{"width":92,"y":1040,"height":81,"name":"chip1","x":347},{"width":77,"y":1123,"height":67,"name":"gold","x":327},{"width":81,"y":1040,"height":86,"name":"daizi4_0","x":441},{"width":86,"y":1123,"height":67,"name":"daizi3_0","x":239},{"width":68,"y":594,"height":49,"name":"daizi2_0","x":952},{"width":68,"y":543,"height":49,"name":"daizi1_0","x":952},{"frameWidth":588,"y":559,"frameHeight":556,"width":588,"frameX":0,"height":297,"name":"guang4","frameY":-259,"x":1},{"width":588,"y":1,"height":556,"name":"guang2","x":1},{"frameWidth":588,"y":858,"frameHeight":556,"width":588,"frameX":0,"height":180,"name":"guang3","frameY":-376,"x":1},{"width":359,"y":412,"height":360,"name":"guang1","x":591},{"width":136,"y":1040,"height":124,"name":"xingguang","x":101}],"height":1251,"name":"th_room1","imagePath":"th_room1_tex.png"}