{"width":508,"SubTexture":[{"width":98,"y":274,"height":86,"name":"jb","x":297},{"width":155,"y":1,"height":166,"name":"ertong","x":203},{"width":200,"y":1,"height":213,"name":"batong","x":1},{"width":92,"y":1,"height":95,"name":"sibo2","x":360},{"width":57,"y":98,"height":62,"name":"sibo1","x":360},{"width":294,"y":216,"height":125,"name":"yun","x":1},{"width":97,"y":274,"height":73,"name":"leaves2","x":397},{"width":135,"y":169,"height":103,"name":"leaves1","x":297},{"width":72,"y":98,"height":73,"name":"star","x":434}],"height":362,"name":"two_eight_bar","imagePath":"two_eight_bar_tex.png"}