{"width":494,"SubTexture":[{"width":77,"y":944,"height":66,"name":"chip2","x":75},{"width":242,"y":756,"height":125,"name":"die","x":174},{"width":171,"y":756,"height":186,"name":"touzi4","x":1},{"width":72,"y":944,"height":79,"name":"touzi3","x":1},{"width":228,"y":527,"height":227,"name":"gu","x":1},{"width":130,"y":883,"height":127,"name":"touzi2","x":328},{"width":152,"y":883,"height":124,"name":"hua","x":174},{"width":438,"y":1,"height":292,"name":"guang2","x":1},{"width":285,"y":295,"height":230,"name":"guang1","x":1},{"width":74,"y":295,"height":62,"name":"chip1","x":418}],"height":1025,"name":"home_hilo","imagePath":"home_hilo_tex.png"}