{"width":1292,"imagePath":"woman_tex.png","height":1021,"name":"woman","SubTexture":[{"width":496,"y":1,"height":496,"name":"swimming","x":401},{"width":116,"y":184,"height":186,"name":"skirt3","x":899},{"width":72,"y":823,"height":166,"name":"skirt2","x":623},{"width":86,"y":174,"height":132,"name":"hair11","x":1111},{"width":51,"y":500,"height":62,"name":"hair10","x":1175},{"width":69,"y":406,"height":71,"name":"hair4","x":999},{"width":98,"y":372,"height":121,"name":"hair9","x":899},{"width":150,"y":732,"height":265,"name":"hair","x":1096},{"width":61,"y":400,"height":98,"name":"hair8","x":1199},{"width":83,"y":1,"height":96,"name":"hair7","x":1176},{"width":97,"y":308,"height":90,"name":"hair6","x":1111},{"width":176,"y":732,"height":242,"name":"hair5","x":918},{"width":88,"y":406,"height":197,"name":"hair2","x":1085},{"width":398,"y":1,"height":972,"name":"body","x":1},{"width":220,"y":823,"height":177,"name":"xiong","x":401},{"width":307,"y":499,"height":322,"name":"skirt1","x":401},{"width":29,"y":991,"height":28,"name":"zz","x":623},{"frameHeight":172,"y":1,"frameX":0,"width":100,"frameY":-1,"height":171,"name":"shipin","frameWidth":100,"x":1074},{"width":205,"y":605,"height":84,"name":"hand","x":1085},{"width":61,"y":99,"height":62,"name":"star","x":1176},{"width":92,"y":184,"height":220,"name":"hair3","x":1017},{"width":173,"y":1,"height":181,"name":"hair1","x":899},{"width":373,"y":499,"height":231,"name":"hat","x":710},{"width":206,"y":732,"height":258,"name":"hand2","x":710}]}