{"width":1002,"imagePath":"home_pokdeng_tex.png","height":1019,"name":"home_pokdeng","SubTexture":[{"width":362,"y":397,"height":301,"name":"heitao","x":1},{"width":206,"y":873,"height":128,"name":"poker1","x":404},{"width":197,"y":700,"height":171,"name":"poker2","x":381},{"width":232,"y":873,"height":144,"name":"poker3","x":170},{"width":195,"y":873,"height":134,"name":"poker4","x":612},{"width":191,"y":869,"height":118,"name":"poker5","x":809},{"width":184,"y":276,"height":97,"name":"poker6","x":325},{"width":209,"y":700,"height":163,"name":"poker7","x":170},{"width":322,"y":1,"height":394,"name":"guang","x":1},{"width":167,"y":700,"height":206,"name":"poker8","x":1},{"width":137,"y":700,"height":167,"name":"poker9","x":809},{"width":177,"y":1,"height":273,"name":"poker10","x":325}]}