{"width":1012,"imagePath":"home_fish_tex.png","height":849,"name":"home_fish","SubTexture":[{"width":448,"y":1,"height":421,"name":"dipan","x":488},{"width":166,"y":437,"height":164,"name":"touzi1","x":271},{"width":145,"y":603,"height":144,"name":"touzi2","x":271},{"width":226,"y":424,"height":236,"name":"touzi3","x":784},{"width":294,"y":424,"height":248,"name":"die2","x":488},{"width":268,"y":437,"height":261,"name":"die1","x":1},{"width":134,"y":700,"height":114,"name":"chip1","x":1},{"width":197,"y":662,"height":185,"name":"chip2","x":784},{"width":104,"y":700,"height":86,"name":"chip3","x":137},{"width":485,"y":1,"height":434,"name":"guang","x":1}]}