{"width":991,"SubTexture":[{"width":422,"y":1,"height":377,"name":"gu","x":557},{"width":361,"y":380,"height":361,"name":"yuanhuan","x":368},{"width":365,"y":302,"height":365,"name":"light2","x":1},{"width":183,"y":380,"height":132,"name":"leaves2","x":731},{"width":554,"y":1,"height":299,"name":"win","x":1},{"width":258,"y":514,"height":92,"name":"leaves1","x":731},{"width":197,"y":669,"height":150,"name":"jb1","x":1},{"width":63,"y":669,"height":173,"name":"gu2","x":200}],"height":844,"name":"teb_take_all","imagePath":"teb_take_all_tex.png"}