{"width":2043,"imagePath":"teb_girl_tex.png","height":1025,"name":"teb_girl","SubTexture":[{"width":156,"y":1,"height":690,"name":"hair3","x":1358},{"width":451,"y":1,"height":805,"name":"hair1","x":1},{"width":325,"y":1,"height":718,"name":"hair2","x":454},{"width":302,"y":1,"height":482,"name":"hair4","x":1054},{"width":61,"y":485,"height":79,"name":"hair","x":1054},{"width":185,"y":442,"height":223,"name":"hair_r","x":1516},{"width":24,"y":624,"height":38,"name":"erhuan2","x":1856},{"width":14,"y":624,"height":47,"name":"erhuan1","x":1882},{"width":98,"y":1,"height":439,"name":"daizi4","x":1922},{"width":191,"y":485,"height":448,"name":"daizi3","x":1122},{"width":135,"y":808,"height":188,"name":"daizi2","x":1},{"width":196,"y":693,"height":234,"name":"daizi1","x":1724},{"width":339,"y":602,"height":396,"name":"body","x":781},{"width":227,"y":693,"height":294,"name":"lhand","x":1315},{"width":271,"y":1,"height":599,"name":"qunzi","x":781},{"width":170,"y":442,"height":180,"name":"yupei","x":1856},{"width":307,"y":721,"height":302,"name":"rhand1","x":454},{"width":72,"y":935,"height":73,"name":"star","x":1122},{"width":178,"y":693,"height":300,"name":"rhand2","x":1544},{"width":24,"y":485,"height":28,"name":"shoulian3","x":1315},{"width":45,"y":566,"height":21,"name":"shoulian2","x":1054},{"width":30,"y":665,"height":22,"name":"shoulian1","x":1703},{"width":119,"y":624,"height":148,"name":"head","x":1922},{"width":151,"y":442,"height":221,"name":"hair_l","x":1703}]}