{"width":981,"SubTexture":[{"width":536,"y":1451,"height":190,"name":"qunzi2","x":1},{"width":69,"y":1897,"height":120,"name":"hair7","x":477},{"width":93,"y":1858,"height":157,"name":"hair6","x":1},{"width":85,"y":1897,"height":144,"name":"hair5","x":390},{"width":553,"y":1,"height":1066,"name":"girl","x":1},{"width":551,"y":1069,"height":380,"name":"qunzi1","x":1},{"width":58,"y":1760,"height":182,"name":"daizi2","x":644},{"width":126,"y":1781,"height":126,"name":"daizi1","x":262},{"width":129,"y":1643,"height":157,"name":"hudiejie2","x":131},{"width":137,"y":1760,"height":135,"name":"hudiejie1","x":409},{"width":123,"y":1314,"height":287,"name":"hair4","x":847},{"width":130,"y":1603,"height":243,"name":"hair3","x":849},{"width":69,"y":1905,"height":85,"name":"hand1","x":548},{"width":293,"y":1069,"height":243,"name":"hand2","x":554},{"width":128,"y":1643,"height":213,"name":"hair2","x":1},{"width":94,"y":1760,"height":143,"name":"fadai3","x":548},{"width":165,"y":1314,"height":126,"name":"fadai2","x":554},{"width":79,"y":1848,"height":189,"name":"fadai1","x":131},{"width":145,"y":1643,"height":136,"name":"hair1","x":262},{"width":306,"y":1451,"height":307,"name":"pig","x":539},{"width":36,"y":1643,"height":61,"name":"poker4","x":475},{"width":64,"y":1643,"height":76,"name":"poker3","x":409},{"width":99,"y":1314,"height":48,"name":"poker2","x":721},{"width":112,"y":1802,"height":40,"name":"poker1","x":131}],"height":2043,"name":"4cbull-girl","imagePath":"4cbull-girl_tex.png"}