{"width":472,"height":382,"name":"3cgf_zhongjifang","imagePath":"3cgf_zhongjifang_tex.png","SubTexture":[{"width":128,"y":1,"height":178,"name":"zhongjifang/poker1","x":339},{"width":151,"y":1,"height":190,"name":"zhongjifang/poker2","x":186},{"width":183,"y":1,"height":202,"name":"zhongjifang/poker3","x":1},{"width":209,"y":205,"height":175,"name":"zhongjifang/maozi","x":1},{"width":79,"y":181,"height":81,"name":"zhongjifang/xing1","x":339},{"width":50,"y":181,"height":52,"name":"zhongjifang/xing2","x":420}]}