{"width":944,"imagePath":"tf-girl_tex.png","height":991,"name":"tf-girl","SubTexture":[{"width":64,"y":789,"height":85,"name":"hair2-2","x":196},{"width":193,"y":654,"height":256,"name":"hand-r","x":1},{"width":340,"y":1,"height":651,"name":"leg","x":1},{"width":286,"y":1,"height":513,"name":"hair3","x":343},{"width":184,"y":516,"height":252,"name":"hair1-3","x":600},{"width":122,"y":770,"height":198,"name":"hand","x":600},{"width":255,"y":516,"height":473,"name":"body","x":343},{"width":45,"y":770,"height":109,"name":"hair2","x":724},{"width":87,"y":1,"height":371,"name":"hair1-2","x":631},{"width":131,"y":654,"height":133,"name":"hair1","x":196},{"width":156,"y":516,"height":274,"name":"hand2","x":786}]}