{"width":512,"SubTexture":[{"width":204,"y":1,"height":239,"name":"3cgf/poker1","x":1},{"width":171,"y":243,"height":223,"name":"3cgf/poker2","x":254},{"width":202,"y":1,"height":240,"name":"3cgf/poker3","x":207},{"width":156,"y":429,"height":115,"name":"3cgf/banker","x":1},{"width":58,"y":335,"height":57,"name":"3cgf/ye3","x":427},{"width":20,"y":662,"height":23,"name":"3cgf/star4","x":110},{"width":33,"y":249,"height":83,"name":"3cgf/ye1","x":472},{"width":251,"y":243,"height":184,"name":"3cgf/hua","x":1},{"width":48,"y":769,"height":43,"name":"3cgf/jb2","x":50},{"width":99,"y":1,"height":88,"name":"3cgf/jb","x":411},{"width":102,"y":674,"height":102,"name":"3cgf/light","x":305},{"width":107,"y":662,"height":105,"name":"3cgf/star2","x":1},{"width":78,"y":164,"height":83,"name":"3cgf/star1","x":427},{"y":91,"frameX":-31,"frameHeight":115,"frameY":-16,"width":93,"frameWidth":156,"height":71,"name":"3cgf/banker_3","x":411},{"y":468,"frameX":-2,"frameHeight":115,"frameY":-1,"width":154,"frameWidth":156,"height":114,"name":"3cgf/banker_9","x":316},{"y":688,"frameX":-26,"frameHeight":115,"frameY":-12,"width":109,"frameWidth":156,"height":86,"name":"3cgf/banker_4","x":110},{"y":584,"frameX":-8,"frameHeight":115,"frameY":-4,"width":145,"frameWidth":156,"height":102,"name":"3cgf/banker_6","x":158},{"y":584,"frameX":-22,"frameHeight":115,"frameY":-9,"width":119,"frameWidth":156,"height":88,"name":"3cgf/banker_5","x":305},{"y":429,"frameX":-65,"frameHeight":115,"frameY":-33,"width":37,"frameWidth":156,"height":36,"name":"3cgf/banker_1","x":159},{"y":468,"frameX":-1,"frameHeight":115,"frameY":-1,"width":155,"frameWidth":156,"height":114,"name":"3cgf/banker_7","x":159},{"y":546,"frameX":0,"frameHeight":115,"frameY":-1,"width":155,"frameWidth":156,"height":114,"name":"3cgf/banker_8","x":1},{"y":394,"frameX":-52,"frameHeight":115,"frameY":-29,"width":58,"frameWidth":156,"height":43,"name":"3cgf/banker_2","x":427},{"width":47,"y":769,"height":46,"name":"3cgf/star3","x":1},{"width":43,"y":249,"height":84,"name":"3cgf/ye2","x":427}],"imagePath":"3cgf_tex.png","height":817,"name":"3cgf"}