{"width":973,"SubTexture":[{"width":320,"y":347,"height":331,"name":"poker3","x":1},{"width":316,"y":1,"height":344,"name":"poker2","x":1},{"width":290,"y":680,"height":333,"name":"poker1","x":1},{"width":85,"y":905,"height":72,"name":"jb4","x":700},{"width":123,"y":905,"height":111,"name":"jb1","x":575},{"width":61,"y":961,"height":56,"name":"jb2","x":787},{"width":280,"y":680,"height":307,"name":"chip","x":293},{"width":168,"y":680,"height":145,"name":"jb3","x":803},{"width":488,"y":1,"height":200,"name":"light","x":319},{"width":132,"y":827,"height":132,"name":"xing","x":803},{"width":226,"y":680,"height":223,"name":"star","x":575}],"height":1019,"name":"home_lieng","imagePath":"home_lieng_tex.png"}