{"SubTexture":[{"width":556,"y":1,"height":548,"name":"sanjiaoxing","x":1},{"width":660,"y":1080,"height":169,"name":"choudai","x":1},{"width":549,"y":551,"height":275,"name":"light","x":1},{"width":361,"y":1,"height":361,"name":"yuanhuan","x":559},{"width":365,"y":551,"height":365,"name":"light2","x":552},{"width":717,"y":918,"height":160,"name":"win","x":1},{"width":197,"y":364,"height":139,"name":"jb1","x":559}],"width":922,"height":1251,"name":"tf_take_all","imagePath":"tf_take_all_tex.png"}