{"width":1025,"SubTexture":[{"width":292,"y":1,"height":191,"name":"gold2","x":319},{"width":316,"y":1,"height":360,"name":"jiangbei","x":1},{"width":143,"y":363,"height":115,"name":"gold1","x":1},{"width":93,"y":194,"height":93,"name":"zuanshi","x":476},{"width":96,"y":1,"height":76,"name":"g3","x":891},{"width":181,"y":169,"height":174,"name":"g2","x":842},{"width":276,"y":1,"height":166,"name":"g1","x":613},{"width":227,"y":169,"height":183,"name":"guang4","x":613},{"width":155,"y":194,"height":135,"name":"guang3","x":319},{"width":153,"y":345,"height":147,"name":"guang2","x":842},{"width":158,"y":354,"height":139,"name":"guang1","x":319}],"height":495,"name":"pok_room6","imagePath":"pok_room6_tex.png"}