{"width":296,"imagePath":"casino-gaojifang_tex.png","height":507,"name":"casino-gaojifang","SubTexture":[{"width":109,"y":299,"height":88,"name":"gold4","x":100},{"width":97,"y":299,"height":102,"name":"hand","x":1},{"width":249,"y":1,"height":296,"name":"niu","x":1},{"width":130,"y":389,"height":68,"name":"maozi","x":112},{"width":109,"y":403,"height":88,"name":"gold1","x":1},{"width":46,"y":459,"height":43,"name":"gold2","x":163},{"width":49,"y":459,"height":46,"name":"gold3","x":112},{"width":83,"y":299,"height":84,"name":"star2","x":211}]}