{"width":1002,"SubTexture":[{"width":339,"y":546,"height":355,"name":"k3","x":1},{"width":335,"y":177,"height":367,"name":"k2","x":1},{"width":303,"y":177,"height":353,"name":"k1","x":338},{"width":298,"y":673,"height":292,"name":"chips","x":643},{"width":658,"y":532,"height":139,"name":"jb","x":342},{"width":193,"y":673,"height":147,"name":"star","x":342},{"width":785,"y":1,"height":174,"name":"light1","x":1},{"width":53,"y":673,"height":53,"name":"guangban","x":943}],"height":967,"name":"lieng_room1","imagePath":"lieng_room1_tex.png"}