{"width":1764,"SubTexture":[{"width":431,"y":485,"height":358,"name":"3cgfgirl/maozi2","x":352},{"width":299,"y":1,"height":330,"name":"3cgfgirl/shou2","x":1024},{"width":440,"y":1,"height":482,"name":"3cgfgirl/quan","x":352},{"width":228,"y":1,"height":587,"name":"3cgfgirl/fa11","x":794},{"width":95,"y":845,"height":157,"name":"3cgfgirl/fa10","x":482},{"width":133,"y":1,"height":334,"name":"3cgfgirl/fa9","x":1417},{"width":349,"y":1,"height":1011,"name":"3cgfgirl/shen","x":1},{"width":81,"y":845,"height":171,"name":"3cgfgirl/fa8","x":579},{"width":57,"y":933,"height":41,"name":"3cgfgirl/yan1","x":959},{"width":44,"y":788,"height":150,"name":"3cgfgirl/fa6","x":1633},{"width":109,"y":845,"height":73,"name":"3cgfgirl/fa5","x":662},{"width":103,"y":495,"height":61,"name":"3cgfgirl/fa4","x":1024},{"width":104,"y":600,"height":186,"name":"3cgfgirl/fa3","x":1567},{"width":139,"y":600,"height":58,"name":"3cgfgirl/yanjing","x":1417},{"width":128,"y":845,"height":122,"name":"3cgfgirl/yezi6","x":352},{"width":210,"y":1,"height":179,"name":"3cgfgirl/yazi5","x":1552},{"width":390,"y":590,"height":341,"name":"3cgfgirl/maozi1","x":785},{"width":238,"y":333,"height":361,"name":"3cgfgirl/shou1","x":1177},{"width":42,"y":933,"height":71,"name":"3cgfgirl/yezi4","x":915},{"width":45,"y":969,"height":52,"name":"3cgfgirl/yezi2","x":352},{"width":156,"y":933,"height":85,"name":"3cgfgirl/yezi1","x":662},{"width":52,"y":969,"height":45,"name":"3cgfgirl/hua4","x":399},{"width":42,"y":495,"height":77,"name":"3cgfgirl/hua3","x":1129},{"width":76,"y":227,"height":72,"name":"3cgfgirl/hua1","x":1325},{"width":240,"y":696,"height":226,"name":"3cgfgirl/xiong","x":1325},{"width":121,"y":696,"height":318,"name":"3cgfgirl/fa2","x":1177},{"width":70,"y":1,"height":224,"name":"3cgfgirl/fa1","x":1325},{"y":182,"frameX":0,"frameHeight":141,"frameY":0,"width":119,"frameWidth":119,"height":139,"name":"3cgfgirl/maozi","x":1552},{"width":93,"y":933,"height":57,"name":"3cgfgirl/yezi3","x":820},{"width":141,"y":333,"height":160,"name":"3cgfgirl/hua2","x":1024},{"width":168,"y":337,"height":261,"name":"3cgfgirl/fa7","x":1417},{"y":788,"frameX":0,"frameHeight":137,"frameY":-2,"width":64,"frameWidth":64,"height":134,"name":"3cgfgirl/nian","x":1567},{"width":36,"y":976,"height":36,"name":"3cgfgirl/yan2","x":959}],"imagePath":"3cgfgirl_tex.png","height":1023,"name":"3cgfgirl"}