{"imagePath":"hilo_girl_tex.png","width":509,"height":763,"name":"hilo_girl","SubTexture":[{"width":112,"y":249,"height":218,"name":"shoubi2","x":1},{"width":278,"y":1,"height":246,"name":"body","x":1},{"width":175,"y":1,"height":194,"name":"tou","x":281},{"width":216,"y":197,"height":122,"name":"xiong","x":281},{"width":16,"y":249,"height":41,"name":"erhuan2","x":235},{"width":28,"y":496,"height":27,"name":"star","x":453},{"width":52,"y":462,"height":32,"name":"zui1","x":453},{"width":52,"y":427,"height":33,"name":"zui2","x":453},{"width":93,"y":732,"height":29,"name":"biyan2","x":293},{"width":82,"y":586,"height":20,"name":"biyan1","x":425},{"width":93,"y":321,"height":229,"name":"shoubi01","x":235},{"width":118,"y":249,"height":194,"name":"fa","x":115},{"width":70,"y":673,"height":84,"name":"hua","x":419},{"width":104,"y":660,"height":69,"name":"shou02","x":1},{"width":124,"y":673,"height":57,"name":"shou01","x":293},{"width":171,"y":525,"height":59,"name":"shoubi02","x":330},{"width":15,"y":249,"height":41,"name":"erhuan1","x":253},{"width":126,"y":321,"height":104,"name":"gu","x":330},{"width":77,"y":445,"height":189,"name":"shoubi1","x":115},{"width":104,"y":568,"height":90,"name":"shou4","x":1},{"width":111,"y":469,"height":97,"name":"shou5","x":1},{"width":117,"y":552,"height":80,"name":"shou2_","x":194},{"width":121,"y":427,"height":96,"name":"shou0","x":330},{"width":110,"y":586,"height":85,"name":"shou1_","x":313},{"width":97,"y":634,"height":93,"name":"shou3_","x":194}]}