{"SubTexture":[{"width":152,"y":188,"height":115,"name":"jb","x":255},{"width":95,"y":212,"height":73,"name":"j","x":151},{"width":68,"y":297,"height":97,"name":"k","x":1},{"width":87,"y":287,"height":77,"name":"chip","x":151},{"width":115,"y":305,"height":25,"name":"a2","x":240},{"width":148,"y":212,"height":83,"name":"a","x":1},{"width":252,"y":1,"height":209,"name":"king","x":1},{"width":237,"y":1,"height":185,"name":"star","x":255},{"width":53,"y":297,"height":53,"name":"guangban","x":71}],"width":494,"height":396,"name":"baicai_room6","imagePath":"baicai_room6_tex.png"}