{"width":2040,"imagePath":"pk_tex.png","height":2546,"name":"pk","SubTexture":[{"width":1097,"y":343,"height":340,"name":"red","x":1},{"width":1097,"y":1,"height":340,"name":"bule","x":1},{"width":495,"y":1,"height":628,"name":"light","x":1100},{"width":970,"y":984,"height":297,"name":"bule_line","x":1064},{"width":1061,"y":685,"height":282,"name":"bule_line1","x":1},{"width":1055,"y":1253,"height":271,"name":"bule_line2","x":1},{"width":1055,"y":1526,"height":271,"name":"red_line1","x":1},{"width":974,"y":685,"height":297,"name":"red_line","x":1064},{"width":1061,"y":969,"height":282,"name":"red_line2","x":1},{"width":329,"y":1,"height":543,"name":"1","x":1597},{"width":329,"y":1799,"height":491,"name":"6","x":332},{"width":329,"y":1283,"height":543,"name":"5","x":1058},{"width":329,"y":1283,"height":537,"name":"4","x":1389},{"width":329,"y":1799,"height":503,"name":"3","x":1},{"width":329,"y":1822,"height":515,"name":"8","x":1389},{"width":329,"y":1828,"height":460,"name":"2","x":994},{"width":329,"y":1799,"height":469,"name":"7","x":663},{"width":236,"y":2270,"height":238,"name":"k","x":663},{"width":202,"y":2292,"height":252,"name":"p","x":332}]}