{"width":1024,"imagePath":"pok_girl_tex.png","height":868,"name":"pok_girl","SubTexture":[{"width":29,"y":1,"height":37,"name":"changfa1","x":945},{"width":49,"y":401,"height":91,"name":"shouzhi","x":366},{"width":93,"y":228,"height":130,"name":"poker3","x":582},{"width":93,"y":228,"height":130,"name":"poker1","x":677},{"width":93,"y":228,"height":130,"name":"poker2","x":772},{"width":57,"y":89,"height":80,"name":"shou0","x":943},{"width":133,"y":1,"height":398,"name":"shou1","x":366},{"width":20,"y":1,"height":78,"name":"erhuan2","x":1002},{"width":1,"y":178,"height":1,"name":"fa2","x":863},{"width":363,"y":1,"height":555,"name":"body","x":1},{"frameY":-3,"y":401,"frameWidth":252,"frameX":0,"frameHeight":182,"width":252,"height":179,"name":"xiong","x":429},{"frameY":0,"y":91,"frameWidth":137,"frameX":-1,"frameHeight":94,"width":136,"height":85,"name":"yan4","x":805},{"frameY":-6,"y":91,"frameWidth":137,"frameX":-2,"frameHeight":94,"width":133,"height":88,"name":"yan3","x":670},{"frameY":-6,"y":1,"frameWidth":137,"frameX":0,"frameHeight":94,"width":137,"height":88,"name":"yan2","x":670},{"frameY":-5,"y":263,"frameWidth":137,"frameX":-3,"frameHeight":94,"width":134,"height":80,"name":"yan1","x":867},{"frameY":-5,"y":1,"frameWidth":137,"frameX":-1,"frameHeight":94,"width":134,"height":86,"name":"yan6","x":809},{"frameY":-2,"y":178,"frameWidth":137,"frameX":-1,"frameHeight":94,"width":136,"height":83,"name":"yan5","x":867},{"width":426,"y":558,"height":308,"name":"shou2","x":1},{"width":79,"y":228,"height":166,"name":"fa1","x":501},{"width":20,"y":81,"height":78,"name":"erhuan1","x":1002},{"width":49,"y":494,"height":48,"name":"star","x":366},{"frameY":-5,"y":181,"frameWidth":57,"frameX":-1,"frameHeight":43,"width":55,"height":38,"name":"zui3","x":670},{"frameY":-3,"y":181,"frameWidth":57,"frameX":-1,"frameHeight":43,"width":56,"height":37,"name":"zui2","x":727},{"frameY":0,"y":178,"frameWidth":57,"frameX":-1,"frameHeight":43,"width":56,"height":42,"name":"zui1","x":805},{"width":167,"y":1,"height":225,"name":"changfa","x":501}]}