{"width":513,"SubTexture":[{"width":141,"y":376,"height":186,"name":"shoubi","x":1},{"width":53,"y":584,"height":59,"name":"neck","x":439},{"width":217,"y":1,"height":200,"name":"body","x":270},{"width":83,"y":376,"height":111,"name":"xianglian","x":144},{"width":89,"y":564,"height":179,"name":"hair4","x":1},{"width":64,"y":513,"height":69,"name":"flower","x":439},{"width":137,"y":513,"height":180,"name":"head","x":144},{"width":52,"y":203,"height":24,"name":"mouse2","x":459},{"width":53,"y":645,"height":29,"name":"mouse3","x":447},{"width":53,"y":645,"height":31,"name":"yan3","x":392},{"width":54,"y":676,"height":27,"name":"yan2","x":447},{"width":13,"y":584,"height":41,"name":"erhuan","x":494},{"width":31,"y":376,"height":134,"name":"hair3","x":229},{"width":107,"y":632,"height":84,"name":"hair1","x":283},{"width":45,"y":564,"height":104,"name":"hair2","x":92},{"width":267,"y":1,"height":186,"name":"youshou1","x":1},{"width":187,"y":203,"height":153,"name":"youshou2","x":270},{"width":267,"y":189,"height":185,"name":"zuoshou1","x":1},{"width":187,"y":358,"height":153,"name":"zuoshou2","x":270},{"width":154,"y":513,"height":117,"name":"saizhong","x":283}],"height":745,"name":"sedie_gril","imagePath":"sedie_gril_tex.png"}