{"width":1020,"imagePath":"home_hilo_tex.png","height":909,"name":"home_hilo","SubTexture":[{"width":345,"y":348,"height":179,"name":"die","x":1},{"width":245,"y":641,"height":266,"name":"touzi4","x":1},{"width":103,"y":348,"height":113,"name":"touzi3","x":517},{"width":326,"y":316,"height":323,"name":"gu","x":629},{"width":185,"y":641,"height":181,"name":"touzi2","x":468},{"width":167,"y":348,"height":172,"name":"touzi1","x":348},{"width":218,"y":529,"height":177,"name":"hua","x":248},{"width":626,"y":1,"height":345,"name":"guang2","x":1},{"frameWidth":407,"y":1,"frameHeight":328,"width":389,"frameX":-18,"height":313,"name":"guang1","frameY":-15,"x":629},{"width":128,"y":522,"height":113,"name":"chip2","x":468},{"width":106,"y":529,"height":88,"name":"chip1","x":1}]}