{"width":455,"SubTexture":[{"width":200,"y":307,"height":200,"name":"zuanshi2","x":1},{"width":300,"y":1,"height":304,"name":"niu","x":1},{"frameWidth":72,"y":426,"frameHeight":60,"width":66,"frameX":-6,"height":60,"name":"yan","frameY":0,"x":203},{"width":50,"y":483,"height":19,"name":"yachi","x":271},{"width":109,"y":307,"height":88,"name":"gold2","x":320},{"width":115,"y":307,"height":117,"name":"star1","x":203},{"width":83,"y":397,"height":84,"name":"star2","x":320},{"width":40,"y":426,"height":38,"name":"zuanshi1","x":271},{"width":48,"y":397,"height":45,"name":"gold1","x":405}],"height":509,"name":"wangzhefang","imagePath":"wangzhefang_tex.png"}