{"width":510,"SubTexture":[{"width":206,"y":742,"height":93,"name":"mao2","x":1},{"width":256,"y":439,"height":152,"name":"gold3","x":1},{"width":304,"y":1,"height":268,"name":"mao1","x":1},{"width":84,"y":456,"height":63,"name":"gold1","x":414},{"width":103,"y":177,"height":81,"name":"gold2","x":307},{"width":96,"y":177,"height":76,"name":"g3","x":412},{"width":181,"y":1,"height":174,"name":"g2","x":307},{"width":276,"y":271,"height":166,"name":"g1","x":1},{"width":227,"y":271,"height":183,"name":"guang4","x":279},{"width":155,"y":605,"height":135,"name":"guang3","x":161},{"width":153,"y":456,"height":147,"name":"guang2","x":259},{"width":158,"y":593,"height":139,"name":"guang1","x":1}],"height":837,"name":"pok_room5","imagePath":"pok_room5_tex.png"}