{"SubTexture":[{"width":556,"y":1,"height":548,"name":"huangguan","x":1},{"width":660,"y":815,"height":169,"name":"choudai","x":1},{"width":559,"y":551,"height":262,"name":"lose","x":1},{"width":361,"y":1,"height":361,"name":"yuanhuan","x":559},{"frameWidth":384,"y":895,"frameHeight":384,"width":166,"frameX":-97,"height":151,"name":"5","frameY":-188,"x":857},{"frameWidth":384,"y":364,"frameHeight":384,"width":135,"frameX":-179,"height":203,"name":"4","frameY":-133,"x":883},{"frameWidth":384,"y":986,"frameHeight":384,"width":171,"frameX":-94,"height":126,"name":"3","frameY":-221,"x":1},{"frameWidth":384,"y":986,"frameHeight":384,"width":113,"frameX":-98,"height":134,"name":"8","frameY":-206,"x":174},{"frameWidth":384,"y":364,"frameHeight":384,"width":319,"frameX":-7,"height":267,"name":"9","frameY":-72,"x":562},{"frameWidth":384,"y":569,"frameHeight":384,"width":38,"frameX":-167,"height":97,"name":"6","frameY":-242,"x":924},{"frameWidth":384,"y":633,"frameHeight":384,"width":86,"frameX":-109,"height":112,"name":"1","frameY":-229,"x":562},{"frameWidth":384,"y":895,"frameHeight":384,"width":192,"frameX":0,"height":285,"name":"2","frameY":-51,"x":663},{"frameWidth":384,"y":633,"frameHeight":384,"width":259,"frameX":0,"height":260,"name":"7","frameY":-81,"x":663},{"frameWidth":384,"y":1048,"frameHeight":384,"width":143,"frameX":-110,"height":141,"name":"10","frameY":-199,"x":857}],"width":1025,"height":1191,"name":"tf_take_lose","imagePath":"tf_take_lose_tex.png"}