{"width":995,"SubTexture":[{"width":422,"y":242,"height":377,"name":"gu","x":1},{"width":361,"y":621,"height":361,"name":"yuanhuan","x":368},{"width":365,"y":621,"height":365,"name":"light2","x":1},{"width":183,"y":773,"height":132,"name":"leaves2","x":731},{"width":806,"y":1,"height":239,"name":"win","x":1},{"width":258,"y":907,"height":92,"name":"leaves1","x":731},{"width":197,"y":621,"height":150,"name":"jb1","x":731},{"width":63,"y":621,"height":173,"name":"gu2","x":930}],"height":1001,"name":"teb_take_all","imagePath":"teb_take_all_tex.png"}