{"width":1020,"imagePath":"home_black_jack_tex.png","height":1092,"name":"home_black_jack","SubTexture":[{"width":853,"y":1,"height":335,"name":"di","x":1},{"width":304,"y":338,"height":376,"name":"poker1","x":346},{"width":343,"y":338,"height":394,"name":"poker2","x":1},{"width":312,"y":338,"height":309,"name":"21","x":652},{"width":179,"y":734,"height":219,"name":"jiu","x":1},{"width":111,"y":1,"height":72,"name":"gold1","x":856},{"width":101,"y":649,"height":90,"name":"gold2","x":917},{"width":108,"y":734,"height":77,"name":"gold3","x":182},{"width":109,"y":813,"height":76,"name":"gold4","x":182},{"width":85,"y":741,"height":105,"name":"gold5","x":917},{"width":198,"y":924,"height":125,"name":"gold6","x":377},{"width":269,"y":716,"height":206,"name":"guang5","x":346},{"width":263,"y":649,"height":254,"name":"guang4","x":652},{"width":193,"y":924,"height":147,"name":"guang3","x":182},{"width":181,"y":905,"height":178,"name":"guang2","x":617},{"width":181,"y":924,"height":166,"name":"guang1","x":800}]}