{"width":1022,"SubTexture":[{"width":131,"y":1,"height":184,"name":"poker3","x":819},{"width":50,"y":1,"height":161,"name":"poker2-shadow","x":952},{"width":237,"y":1,"height":190,"name":"poker2","x":300},{"width":130,"y":187,"height":164,"name":"poker1-shadow","x":833},{"width":297,"y":1,"height":198,"name":"poker1","x":1},{"width":126,"y":309,"height":128,"name":"chips","x":1},{"width":62,"y":436,"height":90,"name":"fangkuai","x":334},{"width":52,"y":164,"height":80,"name":"fang2","x":965},{"width":39,"y":326,"height":58,"name":"fang1","x":981},{"width":50,"y":246,"height":78,"name":"fang3","x":965},{"width":41,"y":447,"height":64,"name":"fang4","x":285},{"width":49,"y":542,"height":41,"name":"meihua","x":137},{"width":36,"y":387,"height":28,"name":"mei1","x":506},{"width":48,"y":585,"height":39,"name":"mei2","x":137},{"width":36,"y":506,"height":32,"name":"mei4","x":87},{"width":43,"y":553,"height":40,"name":"mei3","x":1},{"width":52,"y":523,"height":62,"name":"hongtao","x":279},{"width":26,"y":585,"height":48,"name":"hong4","x":187},{"width":27,"y":542,"height":35,"name":"hong1","x":188},{"width":48,"y":542,"height":52,"name":"hong2","x":87},{"width":38,"y":325,"height":60,"name":"hong3","x":506},{"width":27,"y":553,"height":44,"name":"hei1","x":46},{"width":65,"y":447,"height":74,"name":"hei3","x":218},{"width":39,"y":386,"height":55,"name":"hei5","x":981},{"width":37,"y":439,"height":65,"name":"hei2","x":87},{"width":59,"y":523,"height":66,"name":"hei4","x":218},{"width":277,"y":324,"height":93,"name":"light4","x":554},{"width":272,"y":201,"height":106,"name":"light1","x":1},{"width":277,"y":219,"height":104,"name":"light5","x":275},{"width":278,"y":1,"height":108,"name":"light2","x":539},{"width":277,"y":219,"height":103,"name":"light6","x":554},{"width":276,"y":111,"height":106,"name":"light3","x":539},{"width":83,"y":419,"height":84,"name":"star","x":506},{"width":146,"y":353,"height":146,"name":"bomb1","x":833},{"width":71,"y":436,"height":74,"name":"heitao","x":398},{"width":87,"y":428,"height":112,"name":"fire1","x":129},{"width":84,"y":325,"height":109,"name":"fire5","x":334},{"width":117,"y":309,"height":117,"name":"bomb2","x":129},{"width":84,"y":325,"height":109,"name":"fire2","x":420},{"width":84,"y":439,"height":112,"name":"fire3","x":1},{"width":84,"y":325,"height":120,"name":"fire4","x":248}],"height":635,"name":"flower","imagePath":"flower_tex.png"}