{"file":"hilo_points_sheet.png","frames":{
"1":{"x":358,"y":335,"w":84,"h":162,"offX":0,"offY":0,"sourceW":84,"sourceH":162},
"2":{"x":0,"y":164,"w":119,"h":165,"offX":0,"offY":0,"sourceW":119,"sourceH":165},
"3":{"x":240,"y":169,"w":116,"h":167,"offX":0,"offY":0,"sourceW":116,"sourceH":167},
"4":{"x":0,"y":0,"w":124,"h":162,"offX":0,"offY":0,"sourceW":124,"sourceH":162},
"5":{"x":358,"y":169,"w":117,"h":164,"offX":0,"offY":0,"sourceW":117,"sourceH":164},
"6":{"x":248,"y":0,"w":120,"h":167,"offX":0,"offY":0,"sourceW":120,"sourceH":167},
"7":{"x":0,"y":331,"w":109,"h":162,"offX":0,"offY":0,"sourceW":109,"sourceH":162},
"8":{"x":126,"y":0,"w":120,"h":167,"offX":0,"offY":0,"sourceW":120,"sourceH":167},
"9":{"x":370,"y":0,"w":120,"h":167,"offX":0,"offY":0,"sourceW":120,"sourceH":167},
"0":{"x":121,"y":169,"w":117,"h":167,"offX":0,"offY":0,"sourceW":117,"sourceH":167}}}