{"width":512,"SubTexture":[{"width":408,"y":1,"height":220,"name":"di","x":1},{"width":57,"y":323,"height":60,"name":"chip2","x":411},{"width":53,"y":365,"height":62,"name":"poker7","x":324},{"width":120,"y":365,"height":127,"name":"poker6","x":202},{"width":97,"y":1,"height":101,"name":"poker5","x":411},{"width":74,"y":191,"height":78,"name":"poker4","x":411},{"width":48,"y":429,"height":64,"name":"poker3","x":324},{"width":47,"y":385,"height":59,"name":"poker2","x":436},{"width":55,"y":385,"height":57,"name":"poker1","x":379},{"width":77,"y":271,"height":50,"name":"chip3","x":411},{"width":408,"y":223,"height":140,"name":"light2","x":1},{"width":199,"y":365,"height":198,"name":"light","x":1},{"width":99,"y":104,"height":85,"name":"chip1","x":411}],"height":565,"name":"home_thirteen","imagePath":"home_thirteen_tex.png"}