{"width":510,"imagePath":"home_fan_tan_tex.png","SubTexture":[{"width":227,"y":234,"height":229,"name":"wan","x":1},{"frameWidth":53,"y":532,"frameHeight":40,"width":53,"frameX":0,"height":39,"name":"jb6","frameY":-1,"x":201},{"width":157,"y":1,"height":130,"name":"dui","x":344},{"frameWidth":278,"y":398,"frameHeight":133,"width":278,"frameX":0,"height":132,"name":"dui2","frameY":-1,"x":230},{"frameWidth":259,"y":234,"frameHeight":163,"width":258,"frameX":-1,"height":162,"name":"dui3","frameY":-1,"x":230},{"frameWidth":41,"y":133,"frameHeight":42,"width":40,"frameX":-1,"height":41,"name":"zi1","frameY":-1,"x":463},{"width":87,"y":465,"height":52,"name":"jb2","x":127},{"width":72,"y":519,"height":46,"name":"jb5","x":127},{"frameWidth":117,"y":133,"frameHeight":97,"width":117,"frameX":0,"height":96,"name":"jb4","frameY":-1,"x":344},{"width":341,"y":1,"height":231,"name":"guang","x":1},{"frameWidth":125,"y":465,"frameHeight":125,"width":124,"frameX":-1,"height":124,"name":"jb3","frameY":-1,"x":1}],"height":591,"name":"home_fan_tan"}