{"width":487,"SubTexture":[{"width":37,"y":438,"height":38,"name":"hundredsbull/xing2","x":425},{"width":24,"y":483,"height":25,"name":"hundredsbull/xing1","x":260},{"width":115,"y":319,"height":168,"name":"hundredsbull/shou","x":1},{"width":220,"y":1,"height":316,"name":"hundredsbull/niu","x":1},{"width":57,"y":438,"height":43,"name":"hundredsbull/piaodai3","x":260},{"width":71,"y":319,"height":81,"name":"hundredsbull/piaodai2","x":235},{"width":55,"y":438,"height":38,"name":"hundredsbull/piaodai1","x":368},{"width":115,"y":319,"height":117,"name":"hundredsbull/star2","x":118},{"width":64,"y":438,"height":66,"name":"hundredsbull/star","x":194},{"width":21,"y":438,"height":56,"name":"hundredsbull/daizi","x":464},{"width":74,"y":438,"height":64,"name":"hundredsbull/hair","x":118},{"width":47,"y":438,"height":52,"name":"hundredsbull/eye","x":319}],"height":510,"name":"hundredsbull","imagePath":"hundredsbull_tex.png"}