{"width":511,"SubTexture":[{"width":64,"y":537,"height":102,"name":"chips3","x":316},{"width":133,"y":503,"height":149,"name":"chips2","x":1},{"width":200,"y":1,"height":221,"name":"chips1","x":279},{"width":96,"y":224,"height":76,"name":"g3","x":413},{"width":181,"y":224,"height":174,"name":"g2","x":230},{"width":276,"y":1,"height":166,"name":"g1","x":1},{"width":227,"y":169,"height":183,"name":"guang4","x":1},{"width":155,"y":400,"height":135,"name":"guang3","x":316},{"width":153,"y":354,"height":147,"name":"guang2","x":1},{"width":158,"y":400,"height":139,"name":"guang1","x":156}],"height":654,"name":"pok_room1","imagePath":"pok_room1_tex.png"}