{"width":1025,"SubTexture":[{"width":46,"y":756,"height":85,"name":"haira6","x":536},{"width":86,"y":639,"height":115,"name":"haira5","x":536},{"width":135,"y":456,"height":174,"name":"haira2","x":769},{"width":46,"y":639,"height":73,"name":"hairb3_","x":697},{"width":116,"y":632,"height":129,"name":"hairb2_","x":891},{"width":16,"y":239,"height":39,"name":"erhuan2","x":952},{"width":148,"y":516,"height":244,"name":"hairb1","x":386},{"width":120,"y":632,"height":145,"name":"haira4","x":769},{"width":238,"y":1,"height":277,"name":"haira3_","x":712},{"frameWidth":383,"y":1,"frameHeight":235,"width":324,"frameX":-30,"height":235,"name":"body","frameY":0,"x":386},{"width":383,"y":1,"height":847,"name":"girl_","x":1},{"width":65,"y":1,"height":88,"name":"haira3 _0","x":952},{"width":14,"y":639,"height":54,"name":"erhuan1","x":745},{"width":234,"y":238,"height":276,"name":"haira1_","x":386},{"width":239,"y":280,"height":174,"name":"xiong","x":769},{"width":106,"y":456,"height":117,"name":"poker3","x":906},{"width":91,"y":763,"height":111,"name":"poker2","x":891},{"width":68,"y":516,"height":96,"name":"poker1","x":536},{"width":145,"y":280,"height":357,"name":"hand","x":622},{"width":71,"y":639,"height":72,"name":"star5","x":624},{"width":71,"y":91,"height":72,"name":"star4","x":952},{"width":71,"y":713,"height":72,"name":"star3","x":624},{"width":55,"y":714,"height":57,"name":"star2","x":697},{"width":71,"y":165,"height":72,"name":"star1","x":952}],"height":876,"name":"girl","imagePath":"girl_tex.png"}