{"SubTexture":[{"width":611,"y":505,"height":540,"name":"bg","x":1},{"width":421,"y":1047,"height":483,"name":"light-flower","x":1},{"width":883,"y":1,"height":502,"name":"light1","x":1},{"width":160,"y":1347,"height":134,"name":"jb6","x":424},{"width":146,"y":634,"height":90,"name":"jb5","x":614},{"width":125,"y":505,"height":127,"name":"jb4","x":614},{"width":153,"y":1196,"height":149,"name":"jb3","x":424},{"width":113,"y":505,"height":102,"name":"jb2","x":741},{"width":143,"y":1196,"height":131,"name":"jb1","x":579},{"width":564,"y":1532,"height":214,"name":"win","x":1},{"width":193,"y":1047,"height":147,"name":"star","x":424}],"width":886,"height":1748,"name":"baicai_win","imagePath":"baicai_win_tex.png"}