{"width":414,"imagePath":"room05_tex.png","height":619,"name":"room05","SubTexture":[{"width":297,"y":1,"height":234,"name":"poker","x":1},{"width":162,"y":237,"height":138,"name":"chip","x":250},{"width":149,"y":377,"height":101,"name":"jb2","x":250},{"frameHeight":273,"y":237,"frameX":-13,"width":247,"frameY":0,"height":273,"name":"cup","frameWidth":286,"x":1},{"frameHeight":105,"y":512,"frameX":0,"width":274,"frameY":0,"height":105,"name":"jb1","frameWidth":286,"x":1},{"width":83,"y":1,"height":84,"name":"star2","x":300}]}