{"width":508,"imagePath":"advanced_room_tex.png","height":580,"name":"advanced_room","SubTexture":[{"width":138,"y":185,"height":173,"name":"poker3","x":304},{"width":62,"y":185,"height":156,"name":"poker2-shadow","x":444},{"width":247,"y":1,"height":182,"name":"poker2","x":258},{"width":142,"y":360,"height":153,"name":"poker1-shadow","x":304},{"width":301,"y":230,"height":183,"name":"poker1","x":1},{"width":255,"y":1,"height":227,"name":"cup","x":1},{"width":53,"y":343,"height":65,"name":"hongtao","x":448},{"width":75,"y":501,"height":77,"name":"heitao","x":139},{"width":51,"y":410,"height":43,"name":"meihua","x":448},{"width":64,"y":415,"height":93,"name":"fangkuai","x":224},{"width":136,"y":415,"height":124,"name":"light1","x":1},{"width":83,"y":415,"height":84,"name":"star2","x":139}]}