{"width":506,"SubTexture":[{"width":1,"y":921,"height":1,"name":"home_sediebg","x":503},{"width":61,"y":921,"height":50,"name":"chip3","x":440},{"width":323,"y":315,"height":304,"name":"dipan","x":1},{"width":119,"y":802,"height":117,"name":"touzi1","x":361},{"width":105,"y":621,"height":103,"name":"touzi2","x":215},{"width":163,"y":802,"height":170,"name":"touzi3","x":196},{"width":212,"y":621,"height":179,"name":"die2","x":1},{"width":193,"y":802,"height":188,"name":"die1","x":1},{"width":77,"y":921,"height":66,"name":"chip1","x":361},{"width":350,"y":1,"height":312,"name":"guang","x":1}],"height":992,"name":"home_fish","imagePath":"home_fish_tex.png"}